timestamp,position_lat,position_lng,available_bike_stands,available_bikes,temperature,humidity,dew_point,apparent_temperature,precipitation
2024-04-08 14:06:00,46.56294,15.644185,15.0,1.0,16.5,60,8.7,15.9,0.0
2024-04-08 12:14:00,46.56294,15.644185,16.0,0.0,16.5,60,8.7,15.9,0.0
2024-04-08 12:47:00,46.56294,15.644185,15.0,1.0,16.5,60,8.7,15.9,0.0
2024-04-08 12:57:00,46.56294,15.644185,16.0,0.0,16.5,60,8.7,15.9,0.0
2024-04-08 13:22:00,46.56294,15.644185,13.0,3.0,16.5,60,8.7,15.9,0.0
2024-04-08 13:30:00,46.56294,15.644185,14.0,2.0,16.5,60,8.7,15.9,0.0
2024-04-08 13:47:00,46.56294,15.644185,15.0,1.0,16.5,60,8.7,15.9,0.0
2024-04-08 13:59:00,46.56294,15.644185,11.0,5.0,16.5,60,8.7,15.9,0.0
2024-04-08 14:27:00,46.56294,15.644185,7.0,9.0,16.5,60,8.7,15.9,0.0
2024-04-08 14:38:00,46.56294,15.644185,7.0,9.0,16.5,60,8.7,15.9,0.0
2024-04-08 14:50:00,46.56294,15.644185,8.0,8.0,16.5,60,8.7,15.9,0.0
2024-04-08 15:10:00,46.56294,15.644185,12.0,4.0,16.5,60,8.7,15.9,0.0
2024-04-08 15:19:00,46.56294,15.644185,12.0,4.0,16.5,60,8.7,15.9,0.0
2024-04-08 15:39:00,46.56294,15.644185,12.0,4.0,16.5,60,8.7,15.9,0.0
2024-04-08 15:50:00,46.56294,15.644185,11.0,5.0,16.5,60,8.7,15.9,0.0
2024-04-08 16:19:00,46.56294,15.644185,14.0,2.0,16.5,60,8.7,15.9,0.0
2024-04-08 16:39:00,46.56294,15.644185,8.0,8.0,16.5,60,8.7,15.9,0.0
2024-04-08 16:51:00,46.56294,15.644185,5.0,11.0,16.5,60,8.7,15.9,0.0
2024-04-08 17:12:00,46.56294,15.644185,8.0,8.0,16.5,60,8.7,15.9,0.0
2024-04-08 17:28:00,46.56294,15.644185,9.0,7.0,16.5,60,8.7,15.9,0.0
2024-04-08 17:40:00,46.56294,15.644185,9.0,7.0,16.5,60,8.7,15.9,0.0
2024-04-08 17:50:00,46.56294,15.644185,9.0,7.0,16.5,60,8.7,15.9,0.0
2024-04-08 18:21:00,46.56294,15.644185,14.0,2.0,16.5,60,8.7,15.9,0.0
2024-04-08 18:31:00,46.56294,15.644185,12.0,4.0,16.5,60,8.7,15.9,0.0
2024-04-08 18:51:00,46.56294,15.644185,12.0,4.0,16.5,60,8.7,15.9,0.0
2024-04-08 19:11:00,46.56294,15.644185,12.0,4.0,16.5,60,8.7,15.9,0.0
2024-04-08 19:21:00,46.56294,15.644185,12.0,4.0,16.5,60,8.7,15.9,0.0
2024-04-08 19:35:00,46.56294,15.644185,13.0,3.0,16.5,60,8.7,15.9,0.0
2024-04-08 19:50:00,46.56294,15.644185,15.0,1.0,16.5,60,8.7,15.9,0.0
2024-04-08 20:12:00,46.56294,15.644185,13.0,3.0,16.5,60,8.7,15.9,0.0
2024-04-08 20:27:00,46.56294,15.644185,10.0,6.0,16.5,60,8.7,15.9,0.0
2024-04-08 20:42:00,46.56294,15.644185,10.0,6.0,16.5,60,8.7,15.9,0.0
2024-04-08 20:52:00,46.56294,15.644185,10.0,6.0,16.5,60,8.7,15.9,0.0
2024-04-08 21:13:00,46.56294,15.644185,10.0,6.0,16.5,60,8.7,15.9,0.0
2024-04-08 21:23:00,46.56294,15.644185,10.0,6.0,16.5,60,8.7,15.9,0.0
2024-04-08 21:34:00,46.56294,15.644185,9.0,7.0,16.5,60,8.7,15.9,0.0
2024-04-08 21:54:00,46.56294,15.644185,9.0,7.0,16.5,60,8.7,15.9,0.0
2024-04-08 22:14:00,46.56294,15.644185,8.0,8.0,16.5,60,8.7,15.9,0.0
2024-04-08 22:34:00,46.56294,15.644185,8.0,8.0,16.5,60,8.7,15.9,0.0
2024-04-08 22:44:00,46.56294,15.644185,8.0,8.0,16.5,60,8.7,15.9,0.0
2024-04-08 23:04:00,46.56294,15.644185,8.0,8.0,16.5,60,8.7,15.9,0.0
2024-04-08 23:14:00,46.56294,15.644185,8.0,8.0,16.5,60,8.7,15.9,0.0
2024-04-08 23:35:00,46.56294,15.644185,8.0,8.0,16.5,60,8.7,15.9,0.0
2024-04-08 23:45:00,46.56294,15.644185,9.0,7.0,16.5,60,8.7,15.9,0.0
2024-04-09 00:35:00,46.56294,15.644185,9.0,7.0,16.2,66,9.9,16.1,0.0
2024-04-09 01:32:00,46.56294,15.644185,9.0,7.0,15.8,68,10.0,15.6,0.0
2024-04-09 02:11:00,46.56294,15.644185,9.0,7.0,15.8,68,10.0,15.6,0.0
2024-04-09 02:21:00,46.56294,15.644185,9.0,7.0,15.8,68,10.0,15.6,0.0
2024-04-09 02:41:00,46.56294,15.644185,9.0,7.0,15.8,68,10.0,15.6,0.0
2024-04-09 02:58:00,46.56294,15.644185,8.0,8.0,15.8,68,10.0,15.6,0.0
2024-04-09 03:22:00,46.56294,15.644185,8.0,8.0,15.8,68,10.0,15.6,0.0
2024-04-09 03:32:00,46.56294,15.644185,8.0,8.0,15.8,68,10.0,15.6,0.0
2024-04-09 03:42:00,46.56294,15.644185,8.0,8.0,15.8,68,10.0,15.6,0.0
2024-04-09 04:02:00,46.56294,15.644185,7.0,9.0,15.8,68,10.0,15.6,0.0
2024-04-09 04:29:00,46.56294,15.644185,8.0,8.0,15.8,68,10.0,15.6,0.0
2024-04-09 04:42:00,46.56294,15.644185,8.0,8.0,15.8,68,10.0,15.6,0.0
2024-04-09 04:55:00,46.56294,15.644185,7.0,9.0,15.8,68,10.0,15.6,0.0
2024-04-09 05:13:00,46.56294,15.644185,5.0,11.0,15.8,68,10.0,15.6,0.0
2024-04-09 05:36:00,46.56294,15.644185,3.0,13.0,15.8,68,10.0,15.6,0.0
2024-04-09 05:44:00,46.56294,15.644185,2.0,14.0,15.8,68,10.0,15.6,0.0
2024-04-09 06:03:00,46.56294,15.644185,0.0,16.0,15.8,68,10.0,15.6,0.0
2024-04-09 06:23:00,46.56294,15.644185,0.0,16.0,15.8,68,10.0,15.6,0.0
2024-04-09 06:44:00,46.56294,15.644185,4.0,12.0,15.8,68,10.0,15.6,0.0
2024-04-09 06:57:00,46.56294,15.644185,4.0,12.0,15.8,68,10.0,15.6,0.0
2024-04-09 07:14:00,46.56294,15.644185,4.0,12.0,15.8,68,10.0,15.6,0.0
2024-04-09 07:31:00,46.56294,15.644185,5.0,11.0,15.8,68,10.0,15.6,0.0
2024-04-09 07:46:00,46.56294,15.644185,6.0,10.0,15.8,68,10.0,15.6,0.0
2024-04-09 07:54:00,46.56294,15.644185,5.0,11.0,15.8,68,10.0,15.6,0.0
2024-04-09 08:17:00,46.56294,15.644185,10.0,6.0,15.8,68,10.0,15.6,0.0
2024-04-09 08:37:00,46.56294,15.644185,9.0,7.0,15.8,68,10.0,15.6,0.0
2024-04-09 08:48:00,46.56294,15.644185,12.0,4.0,15.8,68,10.0,15.6,0.0
2024-04-09 09:05:00,46.56294,15.644185,12.0,4.0,15.8,68,10.0,15.6,0.0
2024-04-09 09:16:00,46.56294,15.644185,14.0,2.0,15.8,68,10.0,15.6,0.0
2024-04-09 09:36:00,46.56294,15.644185,14.0,2.0,15.8,68,10.0,15.6,0.0
2024-04-09 09:46:00,46.56294,15.644185,14.0,2.0,15.8,68,10.0,15.6,0.0
2024-04-09 10:16:00,46.56294,15.644185,14.0,2.0,15.8,68,10.0,15.6,0.0
2024-04-09 10:36:00,46.56294,15.644185,16.0,0.0,15.8,68,10.0,15.6,0.0
2024-04-09 10:50:00,46.56294,15.644185,15.0,1.0,15.8,68,10.0,15.6,0.0
2024-04-09 11:13:00,46.56294,15.644185,15.0,1.0,15.8,68,10.0,15.6,0.0
2024-04-09 11:27:00,46.56294,15.644185,16.0,0.0,15.8,68,10.0,15.6,0.0
2024-04-09 11:37:00,46.56294,15.644185,15.0,1.0,15.8,68,10.0,15.6,0.0
2024-04-09 11:48:00,46.56294,15.644185,15.0,1.0,15.8,68,10.0,15.6,0.0
2024-04-09 12:27:00,46.56294,15.644185,15.0,1.0,15.8,68,10.0,15.6,0.0
2024-04-09 12:52:00,46.56294,15.644185,15.0,1.0,15.8,68,10.0,15.6,0.0
2024-04-09 13:14:00,46.56294,15.644185,15.0,1.0,15.8,68,10.0,15.6,0.0
2024-04-09 13:28:00,46.56294,15.644185,15.0,1.0,15.8,68,10.0,15.6,0.0
2024-04-09 13:40:00,46.56294,15.644185,15.0,1.0,15.8,68,10.0,15.6,0.0
2024-04-09 13:48:00,46.56294,15.644185,15.0,1.0,15.8,68,10.0,15.6,0.0
2024-04-09 14:16:00,46.56294,15.644185,14.0,2.0,15.8,68,10.0,15.6,0.0
2024-04-09 14:29:00,46.56294,15.644185,15.0,1.0,15.8,68,10.0,15.6,0.0
2024-04-09 14:40:00,46.56294,15.644185,12.0,4.0,15.8,68,10.0,15.6,0.0
2024-04-09 14:59:00,46.56294,15.644185,11.0,5.0,15.8,68,10.0,15.6,0.0
2024-04-09 15:19:00,46.56294,15.644185,11.0,5.0,15.8,68,10.0,15.6,0.0
2024-04-09 15:37:00,46.56294,15.644185,12.0,4.0,15.8,68,10.0,15.6,0.0
2024-04-09 15:48:00,46.56294,15.644185,8.0,8.0,15.8,68,10.0,15.6,0.0
2024-04-09 16:10:00,46.56294,15.644185,10.0,6.0,15.8,68,10.0,15.6,0.0
2024-04-09 16:34:00,46.56294,15.644185,3.0,13.0,15.8,68,10.0,15.6,0.0
2024-04-09 16:40:00,46.56294,15.644185,2.0,14.0,15.8,68,10.0,15.6,0.0
2024-04-09 16:50:00,46.56294,15.644185,3.0,13.0,15.8,68,10.0,15.6,0.0
2024-04-09 17:21:00,46.56294,15.644185,2.0,14.0,15.8,68,10.0,15.6,0.0
2024-04-09 17:37:00,46.56294,15.644185,2.0,14.0,15.8,68,10.0,15.6,0.0
2024-04-09 17:45:00,46.56294,15.644185,5.0,11.0,15.8,68,10.0,15.6,0.0
2024-04-09 18:05:00,46.56294,15.644185,13.0,3.0,15.8,68,10.0,15.6,0.0
2024-04-09 18:24:00,46.56294,15.644185,14.0,2.0,15.8,68,10.0,15.6,0.0
2024-04-09 18:32:00,46.56294,15.644185,14.0,2.0,15.8,68,10.0,15.6,0.0
2024-04-09 18:48:00,46.56294,15.644185,16.0,0.0,15.8,68,10.0,15.6,0.0
2024-04-09 19:02:00,46.56294,15.644185,15.0,1.0,15.8,68,10.0,15.6,0.0
2024-04-09 19:15:00,46.56294,15.644185,13.0,3.0,15.8,68,10.0,15.6,0.0
2024-04-09 19:28:00,46.56294,15.644185,12.0,4.0,15.8,68,10.0,15.6,0.0
2024-04-09 19:43:00,46.56294,15.644185,12.0,4.0,15.8,68,10.0,15.6,0.0
2024-04-09 19:53:00,46.56294,15.644185,12.0,4.0,15.8,68,10.0,15.6,0.0
2024-04-09 20:13:00,46.56294,15.644185,11.0,5.0,15.8,68,10.0,15.6,0.0
2024-04-09 20:23:00,46.56294,15.644185,11.0,5.0,15.8,68,10.0,15.6,0.0
2024-04-09 20:43:00,46.56294,15.644185,11.0,5.0,15.8,68,10.0,15.6,0.0
2024-04-09 20:58:00,46.56294,15.644185,12.0,4.0,15.8,68,10.0,15.6,0.0
2024-04-09 21:13:00,46.56294,15.644185,9.0,7.0,15.8,68,10.0,15.6,0.0
2024-04-09 21:26:00,46.56294,15.644185,12.0,4.0,15.8,68,10.0,15.6,0.0
2024-04-09 21:44:00,46.56294,15.644185,12.0,4.0,15.8,68,10.0,15.6,0.0
2024-04-09 21:54:00,46.56294,15.644185,12.0,4.0,15.8,68,10.0,15.6,0.0
2024-04-09 22:14:00,46.56294,15.644185,9.0,7.0,15.8,68,10.0,15.6,0.0
2024-04-09 22:24:00,46.56294,15.644185,9.0,7.0,15.8,68,10.0,15.6,0.0
2024-04-09 22:44:00,46.56294,15.644185,12.0,4.0,15.8,68,10.0,15.6,0.0
2024-04-09 22:56:00,46.56294,15.644185,10.0,6.0,15.8,68,10.0,15.6,0.0
2024-04-09 23:15:00,46.56294,15.644185,10.0,6.0,15.8,68,10.0,15.6,0.0
2024-04-09 23:35:00,46.56294,15.644185,10.0,6.0,15.8,68,10.0,15.6,0.0
2024-04-09 23:45:00,46.56294,15.644185,8.0,8.0,15.8,68,10.0,15.6,0.0
2024-04-10 01:06:00,46.56294,15.644185,7.0,9.0,15.9,57,7.4,14.8,0.0
2024-04-10 01:50:00,46.56294,15.644185,6.0,10.0,16.5,59,8.5,15.7,0.0
2024-04-10 02:21:00,46.56294,15.644185,6.0,10.0,16.5,59,8.5,15.7,0.0
2024-04-10 02:41:00,46.56294,15.644185,6.0,10.0,16.5,59,8.5,15.7,0.0
2024-04-10 02:55:00,46.56294,15.644185,5.0,11.0,16.5,59,8.5,15.7,0.0
2024-04-10 03:11:00,46.56294,15.644185,5.0,11.0,16.5,59,8.5,15.7,0.0
2024-04-10 03:31:00,46.56294,15.644185,6.0,10.0,16.5,59,8.5,15.7,0.0
2024-04-10 03:41:00,46.56294,15.644185,6.0,10.0,16.5,59,8.5,15.7,0.0
2024-04-10 04:12:00,46.56294,15.644185,6.0,10.0,16.5,59,8.5,15.7,0.0
2024-04-10 04:22:00,46.56294,15.644185,6.0,10.0,16.5,59,8.5,15.7,0.0
2024-04-10 04:46:00,46.56294,15.644185,7.0,9.0,16.5,59,8.5,15.7,0.0
2024-04-10 04:52:00,46.56294,15.644185,9.0,7.0,16.5,59,8.5,15.7,0.0
2024-04-10 05:19:00,46.56294,15.644185,10.0,6.0,16.5,59,8.5,15.7,0.0
2024-04-10 05:37:00,46.56294,15.644185,9.0,7.0,16.5,59,8.5,15.7,0.0
2024-04-10 05:42:00,46.56294,15.644185,9.0,7.0,16.5,59,8.5,15.7,0.0
2024-04-10 06:03:00,46.56294,15.644185,11.0,5.0,16.5,59,8.5,15.7,0.0
2024-04-10 06:23:00,46.56294,15.644185,12.0,4.0,16.5,59,8.5,15.7,0.0
2024-04-10 06:45:00,46.56294,15.644185,14.0,2.0,16.5,59,8.5,15.7,0.0
2024-04-10 06:53:00,46.56294,15.644185,14.0,2.0,16.5,59,8.5,15.7,0.0
2024-04-10 07:18:00,46.56294,15.644185,15.0,1.0,16.5,59,8.5,15.7,0.0
2024-04-10 07:36:00,46.56294,15.644185,14.0,2.0,16.5,59,8.5,15.7,0.0
2024-04-10 07:44:00,46.56294,15.644185,14.0,2.0,16.5,59,8.5,15.7,0.0
2024-04-10 08:04:00,46.56294,15.644185,15.0,1.0,16.5,59,8.5,15.7,0.0
2024-04-10 08:24:00,46.56294,15.644185,16.0,0.0,16.5,59,8.5,15.7,0.0
2024-04-10 08:44:00,46.56294,15.644185,16.0,0.0,16.5,59,8.5,15.7,0.0
2024-04-10 08:54:00,46.56294,15.644185,16.0,0.0,16.5,59,8.5,15.7,0.0
2024-04-10 09:18:00,46.56294,15.644185,15.0,1.0,16.5,59,8.5,15.7,0.0
2024-04-10 09:35:00,46.56294,15.644185,14.0,2.0,16.5,59,8.5,15.7,0.0
2024-04-10 09:49:00,46.56294,15.644185,14.0,2.0,16.5,59,8.5,15.7,0.0
2024-04-10 10:05:00,46.56294,15.644185,14.0,2.0,16.5,59,8.5,15.7,0.0
2024-04-10 10:25:00,46.56294,15.644185,15.0,1.0,16.5,59,8.5,15.7,0.0
2024-04-10 10:40:00,46.56294,15.644185,13.0,3.0,16.5,59,8.5,15.7,0.0
2024-04-10 10:56:00,46.56294,15.644185,15.0,1.0,16.5,59,8.5,15.7,0.0
2024-04-10 11:16:00,46.56294,15.644185,16.0,0.0,16.5,59,8.5,15.7,0.0
2024-04-10 11:26:00,46.56294,15.644185,16.0,0.0,16.5,59,8.5,15.7,0.0
2024-04-10 11:46:00,46.56294,15.644185,16.0,0.0,16.5,59,8.5,15.7,0.0
2024-04-10 11:56:00,46.56294,15.644185,16.0,0.0,16.5,59,8.5,15.7,0.0
2024-04-10 12:27:00,46.56294,15.644185,15.0,1.0,16.5,59,8.5,15.7,0.0
2024-04-10 12:49:00,46.56294,15.644185,13.0,3.0,16.5,59,8.5,15.7,0.0
2024-04-10 13:17:00,46.56294,15.644185,12.0,4.0,16.5,59,8.5,15.7,0.0
2024-04-10 13:30:00,46.56294,15.644185,12.0,4.0,16.5,59,8.5,15.7,0.0
2024-04-10 13:47:00,46.56294,15.644185,13.0,3.0,16.5,59,8.5,15.7,0.0
2024-04-10 13:58:00,46.56294,15.644185,15.0,1.0,16.5,59,8.5,15.7,0.0
2024-04-10 14:18:00,46.56294,15.644185,15.0,1.0,16.5,59,8.5,15.7,0.0
2024-04-10 14:32:00,46.56294,15.644185,15.0,1.0,16.5,59,8.5,15.7,0.0
2024-04-10 14:48:00,46.56294,15.644185,16.0,0.0,16.5,59,8.5,15.7,0.0
2024-04-10 15:06:00,46.56294,15.644185,12.0,4.0,16.5,59,8.5,15.7,0.0
2024-04-10 15:23:00,46.56294,15.644185,9.0,7.0,16.5,59,8.5,15.7,0.0
2024-04-10 15:29:00,46.56294,15.644185,8.0,8.0,16.5,59,8.5,15.7,0.0
2024-04-10 15:49:00,46.56294,15.644185,6.0,10.0,16.5,59,8.5,15.7,0.0
2024-04-10 16:19:00,46.56294,15.644185,5.0,11.0,16.5,59,8.5,15.7,0.0
2024-04-10 16:39:00,46.56294,15.644185,4.0,12.0,16.5,59,8.5,15.7,0.0
2024-04-10 16:50:00,46.56294,15.644185,6.0,10.0,16.5,59,8.5,15.7,0.0
2024-04-10 17:14:00,46.56294,15.644185,7.0,9.0,16.5,59,8.5,15.7,0.0
2024-04-10 17:25:00,46.56294,15.644185,6.0,10.0,16.5,59,8.5,15.7,0.0
2024-04-10 17:40:00,46.56294,15.644185,8.0,8.0,16.5,59,8.5,15.7,0.0
2024-04-10 17:52:00,46.56294,15.644185,9.0,7.0,16.5,59,8.5,15.7,0.0
2024-04-10 18:21:00,46.56294,15.644185,12.0,4.0,16.5,59,8.5,15.7,0.0
2024-04-10 18:57:00,46.56294,15.644185,15.0,1.0,16.5,59,8.5,15.7,0.0
2024-04-10 19:14:00,46.56294,15.644185,16.0,0.0,16.5,59,8.5,15.7,0.0
2024-04-10 19:28:00,46.56294,15.644185,15.0,1.0,16.5,59,8.5,15.7,0.0
2024-04-10 19:38:00,46.56294,15.644185,16.0,0.0,16.5,59,8.5,15.7,0.0
2024-04-10 19:52:00,46.56294,15.644185,16.0,0.0,16.5,59,8.5,15.7,0.0
2024-04-10 20:12:00,46.56294,15.644185,16.0,0.0,16.5,59,8.5,15.7,0.0
2024-04-10 20:26:00,46.56294,15.644185,13.0,3.0,16.5,59,8.5,15.7,0.0
2024-04-10 20:42:00,46.56294,15.644185,10.0,6.0,16.5,59,8.5,15.7,0.0
2024-04-10 20:52:00,46.56294,15.644185,10.0,6.0,16.5,59,8.5,15.7,0.0
2024-04-10 21:12:00,46.56294,15.644185,9.0,7.0,16.5,59,8.5,15.7,0.0
2024-04-10 21:23:00,46.56294,15.644185,9.0,7.0,16.5,59,8.5,15.7,0.0
2024-04-10 21:46:00,46.56294,15.644185,10.0,6.0,16.5,59,8.5,15.7,0.0
2024-04-10 21:53:00,46.56294,15.644185,10.0,6.0,16.5,59,8.5,15.7,0.0
2024-04-10 22:13:00,46.56294,15.644185,10.0,6.0,16.5,59,8.5,15.7,0.0
2024-04-11 01:33:00,46.56294,15.644185,10.0,6.0,9.7,69,4.3,8.0,0.0
2024-04-11 02:12:00,46.56294,15.644185,10.0,6.0,9.7,69,4.3,8.0,0.0
2024-04-11 02:32:00,46.56294,15.644185,10.0,6.0,9.7,69,4.3,8.0,0.0
2024-04-11 02:42:00,46.56294,15.644185,10.0,6.0,9.7,69,4.3,8.0,0.0
2024-04-11 02:52:00,46.56294,15.644185,10.0,6.0,9.7,69,4.3,8.0,0.0
2024-04-11 03:13:00,46.56294,15.644185,10.0,6.0,9.7,69,4.3,8.0,0.0
2024-04-11 03:33:00,46.56294,15.644185,10.0,6.0,9.7,69,4.3,8.0,0.0
2024-04-11 03:46:00,46.56294,15.644185,9.0,7.0,9.7,69,4.3,8.0,0.0
2024-04-11 04:03:00,46.56294,15.644185,9.0,7.0,9.7,69,4.3,8.0,0.0
2024-04-11 04:23:00,46.56294,15.644185,9.0,7.0,9.7,69,4.3,8.0,0.0
2024-04-11 04:33:00,46.56294,15.644185,8.0,8.0,9.7,69,4.3,8.0,0.0
2024-04-11 04:55:00,46.56294,15.644185,8.0,8.0,9.7,69,4.3,8.0,0.0
2024-04-11 05:14:00,46.56294,15.644185,8.0,8.0,9.7,69,4.3,8.0,0.0
2024-04-11 05:28:00,46.56294,15.644185,10.0,6.0,9.7,69,4.3,8.0,0.0
2024-04-11 05:44:00,46.56294,15.644185,10.0,6.0,9.7,69,4.3,8.0,0.0
2024-04-11 05:59:00,46.56294,15.644185,12.0,4.0,9.7,69,4.3,8.0,0.0
2024-04-11 06:24:00,46.56294,15.644185,13.0,3.0,9.7,69,4.3,8.0,0.0
2024-04-11 06:35:00,46.56294,15.644185,13.0,3.0,9.7,69,4.3,8.0,0.0
2024-04-11 06:47:00,46.56294,15.644185,10.0,6.0,9.7,69,4.3,8.0,0.0
2024-04-11 07:15:00,46.56294,15.644185,9.0,7.0,9.7,69,4.3,8.0,0.0
2024-04-11 07:25:00,46.56294,15.644185,9.0,7.0,9.7,69,4.3,8.0,0.0
2024-04-11 07:38:00,46.56294,15.644185,9.0,7.0,9.7,69,4.3,8.0,0.0
2024-04-11 07:55:00,46.56294,15.644185,9.0,7.0,9.7,69,4.3,8.0,0.0
2024-04-11 08:22:00,46.56294,15.644185,11.0,5.0,9.7,69,4.3,8.0,0.0
2024-04-11 08:37:00,46.56294,15.644185,12.0,4.0,9.7,69,4.3,8.0,0.0
2024-04-11 08:46:00,46.56294,15.644185,11.0,5.0,9.7,69,4.3,8.0,0.0
2024-04-11 09:16:00,46.56294,15.644185,13.0,3.0,9.7,69,4.3,8.0,0.0
2024-04-11 09:26:00,46.56294,15.644185,13.0,3.0,9.7,69,4.3,8.0,0.0
2024-04-11 09:38:00,46.56294,15.644185,12.0,4.0,9.7,69,4.3,8.0,0.0
2024-04-11 09:47:00,46.56294,15.644185,15.0,1.0,9.7,69,4.3,8.0,0.0
2024-04-11 10:17:00,46.56294,15.644185,16.0,0.0,9.7,69,4.3,8.0,0.0
2024-04-11 10:31:00,46.56294,15.644185,15.0,1.0,9.7,69,4.3,8.0,0.0
2024-04-11 10:47:00,46.56294,15.644185,16.0,0.0,9.7,69,4.3,8.0,0.0
2024-04-11 10:57:00,46.56294,15.644185,16.0,0.0,9.7,69,4.3,8.0,0.0
2024-04-11 11:18:00,46.56294,15.644185,15.0,1.0,9.7,69,4.3,8.0,0.0
2024-04-11 11:34:00,46.56294,15.644185,15.0,1.0,9.7,69,4.3,8.0,0.0
2024-04-11 11:48:00,46.56294,15.644185,16.0,0.0,9.7,69,4.3,8.0,0.0
2024-04-11 12:13:00,46.56294,15.644185,15.0,1.0,9.7,69,4.3,8.0,0.0
2024-04-11 12:42:00,46.56294,15.644185,16.0,0.0,9.7,69,4.3,8.0,0.0
2024-04-11 12:56:00,46.56294,15.644185,15.0,1.0,9.7,69,4.3,8.0,0.0
2024-04-11 13:19:00,46.56294,15.644185,14.0,2.0,9.7,69,4.3,8.0,0.0
2024-04-11 13:29:00,46.56294,15.644185,16.0,0.0,9.7,69,4.3,8.0,0.0
2024-04-11 13:46:00,46.56294,15.644185,15.0,1.0,9.7,69,4.3,8.0,0.0
2024-04-11 14:06:00,46.56294,15.644185,13.0,3.0,9.7,69,4.3,8.0,0.0
2024-04-11 14:25:00,46.56294,15.644185,14.0,2.0,9.7,69,4.3,8.0,0.0
2024-04-11 14:34:00,46.56294,15.644185,14.0,2.0,9.7,69,4.3,8.0,0.0
2024-04-11 14:49:00,46.56294,15.644185,12.0,4.0,9.7,69,4.3,8.0,0.0
2024-04-11 15:15:00,46.56294,15.644185,14.0,2.0,9.7,69,4.3,8.0,0.0
2024-04-11 15:28:00,46.56294,15.644185,14.0,2.0,9.7,69,4.3,8.0,0.0
2024-04-11 15:41:00,46.56294,15.644185,16.0,0.0,9.7,69,4.3,8.0,0.0
2024-04-11 15:51:00,46.56294,15.644185,16.0,0.0,9.7,69,4.3,8.0,0.0
2024-04-11 16:20:00,46.56294,15.644185,15.0,1.0,9.7,69,4.3,8.0,0.0
2024-04-11 16:35:00,46.56294,15.644185,11.0,5.0,9.7,69,4.3,8.0,0.0
2024-04-11 16:41:00,46.56294,15.644185,11.0,5.0,9.7,69,4.3,8.0,0.0
2024-04-11 17:03:00,46.56294,15.644185,10.0,6.0,9.7,69,4.3,8.0,0.0
2024-04-11 17:25:00,46.56294,15.644185,7.0,9.0,9.7,69,4.3,8.0,0.0
2024-04-11 17:36:00,46.56294,15.644185,11.0,5.0,9.7,69,4.3,8.0,0.0
2024-04-11 17:47:00,46.56294,15.644185,8.0,8.0,9.7,69,4.3,8.0,0.0
2024-04-11 18:08:00,46.56294,15.644185,9.0,7.0,9.7,69,4.3,8.0,0.0
2024-04-11 18:22:00,46.56294,15.644185,8.0,8.0,9.7,69,4.3,8.0,0.0
2024-04-11 18:32:00,46.56294,15.644185,12.0,4.0,9.7,69,4.3,8.0,0.0
2024-04-11 18:55:00,46.56294,15.644185,11.0,5.0,9.7,69,4.3,8.0,0.0
2024-04-11 19:13:00,46.56294,15.644185,9.0,7.0,9.7,69,4.3,8.0,0.0
2024-04-11 19:23:00,46.56294,15.644185,8.0,8.0,9.7,69,4.3,8.0,0.0
2024-04-11 19:33:00,46.56294,15.644185,8.0,8.0,9.7,69,4.3,8.0,0.0
2024-04-11 19:50:00,46.56294,15.644185,9.0,7.0,9.7,69,4.3,8.0,0.0
2024-04-11 20:13:00,46.56294,15.644185,8.0,8.0,9.7,69,4.3,8.0,0.0
2024-04-11 20:26:00,46.56294,15.644185,8.0,8.0,9.7,69,4.3,8.0,0.0
2024-04-11 20:34:00,46.56294,15.644185,8.0,8.0,9.7,69,4.3,8.0,0.0
2024-04-11 20:54:00,46.56294,15.644185,8.0,8.0,9.7,69,4.3,8.0,0.0
2024-04-11 21:14:00,46.56294,15.644185,9.0,7.0,9.7,69,4.3,8.0,0.0
2024-04-11 21:24:00,46.56294,15.644185,9.0,7.0,9.7,69,4.3,8.0,0.0
2024-04-11 21:34:00,46.56294,15.644185,9.0,7.0,9.7,69,4.3,8.0,0.0
2024-04-11 21:54:00,46.56294,15.644185,9.0,7.0,9.7,69,4.3,8.0,0.0
2024-04-11 22:15:00,46.56294,15.644185,9.0,7.0,9.7,69,4.3,8.0,0.0
2024-04-12 01:52:00,46.56294,15.644185,9.0,7.0,9.9,83,7.2,8.5,0.0
2024-04-12 02:22:00,46.56294,15.644185,9.0,7.0,9.9,83,7.2,8.5,0.0
2024-04-12 02:42:00,46.56294,15.644185,9.0,7.0,9.9,83,7.2,8.5,0.0
2024-04-12 02:52:00,46.56294,15.644185,9.0,7.0,9.9,83,7.2,8.5,0.0
2024-04-12 03:12:00,46.56294,15.644185,9.0,7.0,9.9,83,7.2,8.5,0.0
2024-04-12 03:32:00,46.56294,15.644185,9.0,7.0,9.9,83,7.2,8.5,0.0
2024-04-12 03:48:00,46.56294,15.644185,8.0,8.0,9.9,83,7.2,8.5,0.0
2024-04-12 04:18:00,46.56294,15.644185,7.0,9.0,9.9,83,7.2,8.5,0.0
2024-04-12 04:33:00,46.56294,15.644185,7.0,9.0,9.9,83,7.2,8.5,0.0
2024-04-12 04:45:00,46.56294,15.644185,8.0,8.0,9.9,83,7.2,8.5,0.0
2024-04-12 05:03:00,46.56294,15.644185,9.0,7.0,9.9,83,7.2,8.5,0.0
2024-04-12 05:23:00,46.56294,15.644185,9.0,7.0,9.9,83,7.2,8.5,0.0
2024-04-12 05:39:00,46.56294,15.644185,10.0,6.0,9.9,83,7.2,8.5,0.0
2024-04-12 05:56:00,46.56294,15.644185,6.0,10.0,9.9,83,7.2,8.5,0.0
2024-04-12 06:16:00,46.56294,15.644185,9.0,7.0,9.9,83,7.2,8.5,0.0
2024-04-12 06:34:00,46.56294,15.644185,9.0,7.0,9.9,83,7.2,8.5,0.0
2024-04-12 06:44:00,46.56294,15.644185,10.0,6.0,9.9,83,7.2,8.5,0.0
2024-04-12 07:15:00,46.56294,15.644185,9.0,7.0,9.9,83,7.2,8.5,0.0
2024-04-12 07:29:00,46.56294,15.644185,10.0,6.0,9.9,83,7.2,8.5,0.0
2024-04-12 07:35:00,46.56294,15.644185,11.0,5.0,9.9,83,7.2,8.5,0.0
2024-04-12 07:55:00,46.56294,15.644185,13.0,3.0,9.9,83,7.2,8.5,0.0
2024-04-12 08:22:00,46.56294,15.644185,12.0,4.0,9.9,83,7.2,8.5,0.0
2024-04-12 08:36:00,46.56294,15.644185,12.0,4.0,9.9,83,7.2,8.5,0.0
2024-04-12 08:46:00,46.56294,15.644185,13.0,3.0,9.9,83,7.2,8.5,0.0
2024-04-12 09:16:00,46.56294,15.644185,16.0,0.0,9.9,83,7.2,8.5,0.0
2024-04-12 09:26:00,46.56294,15.644185,15.0,1.0,9.9,83,7.2,8.5,0.0
2024-04-12 09:36:00,46.56294,15.644185,16.0,0.0,9.9,83,7.2,8.5,0.0
2024-04-12 09:56:00,46.56294,15.644185,14.0,2.0,9.9,83,7.2,8.5,0.0
2024-04-12 10:17:00,46.56294,15.644185,16.0,0.0,9.9,83,7.2,8.5,0.0
2024-04-12 10:37:00,46.56294,15.644185,15.0,1.0,9.9,83,7.2,8.5,0.0
2024-04-12 10:47:00,46.56294,15.644185,16.0,0.0,9.9,83,7.2,8.5,0.0
2024-04-12 11:07:00,46.56294,15.644185,16.0,0.0,9.9,83,7.2,8.5,0.0
2024-04-12 11:17:00,46.56294,15.644185,16.0,0.0,9.9,83,7.2,8.5,0.0
2024-04-12 11:27:00,46.56294,15.644185,16.0,0.0,9.9,83,7.2,8.5,0.0
2024-04-12 11:48:00,46.56294,15.644185,16.0,0.0,9.9,83,7.2,8.5,0.0
2024-04-12 12:10:00,46.56294,15.644185,16.0,0.0,9.9,83,7.2,8.5,0.0
2024-04-12 12:38:00,46.56294,15.644185,16.0,0.0,9.9,83,7.2,8.5,0.0
2024-04-12 12:57:00,46.56294,15.644185,14.0,2.0,9.9,83,7.2,8.5,0.0
2024-04-12 13:19:00,46.56294,15.644185,12.0,4.0,9.9,83,7.2,8.5,0.0
2024-04-12 13:29:00,46.56294,15.644185,10.0,6.0,9.9,83,7.2,8.5,0.0
2024-04-12 13:39:00,46.56294,15.644185,11.0,5.0,9.9,83,7.2,8.5,0.0
2024-04-12 14:07:00,46.56294,15.644185,15.0,1.0,9.9,83,7.2,8.5,0.0
2024-04-12 14:19:00,46.56294,15.644185,16.0,0.0,9.9,83,7.2,8.5,0.0
2024-04-12 14:29:00,46.56294,15.644185,16.0,0.0,9.9,83,7.2,8.5,0.0
2024-04-12 14:50:00,46.56294,15.644185,16.0,0.0,9.9,83,7.2,8.5,0.0
2024-04-12 15:00:00,46.56294,15.644185,16.0,0.0,9.9,83,7.2,8.5,0.0
2024-04-12 15:20:00,46.56294,15.644185,7.0,9.0,9.9,83,7.2,8.5,0.0
2024-04-12 15:35:00,46.56294,15.644185,10.0,6.0,9.9,83,7.2,8.5,0.0
2024-04-12 15:40:00,46.56294,15.644185,9.0,7.0,9.9,83,7.2,8.5,0.0
2024-04-12 16:00:00,46.56294,15.644185,10.0,6.0,9.9,83,7.2,8.5,0.0
2024-04-12 16:27:00,46.56294,15.644185,15.0,1.0,9.9,83,7.2,8.5,0.0
2024-04-12 16:31:00,46.56294,15.644185,14.0,2.0,9.9,83,7.2,8.5,0.0
2024-04-12 16:51:00,46.56294,15.644185,13.0,3.0,9.9,83,7.2,8.5,0.0
2024-04-12 17:16:00,46.56294,15.644185,15.0,1.0,9.9,83,7.2,8.5,0.0
2024-04-12 17:32:00,46.56294,15.644185,15.0,1.0,9.9,83,7.2,8.5,0.0
2024-04-12 17:45:00,46.56294,15.644185,13.0,3.0,9.9,83,7.2,8.5,0.0
2024-04-12 17:52:00,46.56294,15.644185,13.0,3.0,9.9,83,7.2,8.5,0.0
2024-04-12 18:12:00,46.56294,15.644185,13.0,3.0,9.9,83,7.2,8.5,0.0
2024-04-12 18:32:00,46.56294,15.644185,11.0,5.0,9.9,83,7.2,8.5,0.0
2024-04-12 18:43:00,46.56294,15.644185,12.0,4.0,9.9,83,7.2,8.5,0.0
2024-04-12 19:03:00,46.56294,15.644185,11.0,5.0,9.9,83,7.2,8.5,0.0
2024-04-12 19:13:00,46.56294,15.644185,10.0,6.0,9.9,83,7.2,8.5,0.0
2024-04-12 19:23:00,46.56294,15.644185,10.0,6.0,9.9,83,7.2,8.5,0.0
2024-04-12 19:43:00,46.56294,15.644185,10.0,6.0,9.9,83,7.2,8.5,0.0
2024-04-12 19:53:00,46.56294,15.644185,10.0,6.0,9.9,83,7.2,8.5,0.0
2024-04-12 20:13:00,46.56294,15.644185,10.0,6.0,9.9,83,7.2,8.5,0.0
2024-04-12 20:23:00,46.56294,15.644185,10.0,6.0,9.9,83,7.2,8.5,0.0
2024-04-12 20:43:00,46.56294,15.644185,10.0,6.0,9.9,83,7.2,8.5,0.0
2024-04-12 20:54:00,46.56294,15.644185,10.0,6.0,9.9,83,7.2,8.5,0.0
2024-04-12 21:14:00,46.56294,15.644185,10.0,6.0,9.9,83,7.2,8.5,0.0
2024-04-12 21:24:00,46.56294,15.644185,10.0,6.0,9.9,83,7.2,8.5,0.0
2024-04-12 21:34:00,46.56294,15.644185,10.0,6.0,9.9,83,7.2,8.5,0.0
2024-04-12 21:54:00,46.56294,15.644185,9.0,7.0,9.9,83,7.2,8.5,0.0
2024-04-12 22:14:00,46.56294,15.644185,9.0,7.0,9.9,83,7.2,8.5,0.0
2024-04-12 22:25:00,46.56294,15.644185,8.0,8.0,9.9,83,7.2,8.5,0.0
2024-04-12 22:36:00,46.56294,15.644185,9.0,7.0,9.9,83,7.2,8.5,0.0
2024-04-12 22:55:00,46.56294,15.644185,9.0,7.0,9.9,83,7.2,8.5,0.0
2024-04-12 23:05:00,46.56294,15.644185,9.0,7.0,9.9,83,7.2,8.5,0.0
2024-04-12 23:25:00,46.56294,15.644185,9.0,7.0,9.9,83,7.2,8.5,0.0
2024-04-12 23:35:00,46.56294,15.644185,9.0,7.0,9.9,83,7.2,8.5,0.0
2024-04-12 23:45:00,46.56294,15.644185,9.0,7.0,9.9,83,7.2,8.5,0.0
2024-04-13 00:56:00,46.56294,15.644185,10.0,6.0,12.9,79,9.3,12.1,0.0
2024-04-13 01:31:00,46.56294,15.644185,10.0,6.0,11.5,87,9.4,10.7,0.0
2024-04-13 01:50:00,46.56294,15.644185,10.0,6.0,11.5,87,9.4,10.7,0.0
2024-04-13 02:10:00,46.56294,15.644185,10.0,6.0,11.5,87,9.4,10.7,0.0
2024-04-13 02:21:00,46.56294,15.644185,10.0,6.0,11.5,87,9.4,10.7,0.0
2024-04-13 02:31:00,46.56294,15.644185,10.0,6.0,11.5,87,9.4,10.7,0.0
2024-04-13 02:51:00,46.56294,15.644185,10.0,6.0,11.5,87,9.4,10.7,0.0
2024-04-13 03:11:00,46.56294,15.644185,10.0,6.0,11.5,87,9.4,10.7,0.0
2024-04-13 03:21:00,46.56294,15.644185,10.0,6.0,11.5,87,9.4,10.7,0.0
2024-04-13 03:31:00,46.56294,15.644185,10.0,6.0,11.5,87,9.4,10.7,0.0
2024-04-13 03:41:00,46.56294,15.644185,10.0,6.0,11.5,87,9.4,10.7,0.0
2024-04-13 04:12:00,46.56294,15.644185,10.0,6.0,11.5,87,9.4,10.7,0.0
2024-04-13 04:22:00,46.56294,15.644185,10.0,6.0,11.5,87,9.4,10.7,0.0
2024-04-13 04:32:00,46.56294,15.644185,10.0,6.0,11.5,87,9.4,10.7,0.0
2024-04-13 04:52:00,46.56294,15.644185,10.0,6.0,11.5,87,9.4,10.7,0.0
2024-04-13 05:13:00,46.56294,15.644185,11.0,5.0,11.5,87,9.4,10.7,0.0
2024-04-13 05:23:00,46.56294,15.644185,11.0,5.0,11.5,87,9.4,10.7,0.0
2024-04-13 05:43:00,46.56294,15.644185,11.0,5.0,11.5,87,9.4,10.7,0.0
2024-04-13 05:53:00,46.56294,15.644185,11.0,5.0,11.5,87,9.4,10.7,0.0
2024-04-13 06:13:00,46.56294,15.644185,11.0,5.0,11.5,87,9.4,10.7,0.0
2024-04-13 06:23:00,46.56294,15.644185,11.0,5.0,11.5,87,9.4,10.7,0.0
2024-04-13 06:43:00,46.56294,15.644185,11.0,5.0,11.5,87,9.4,10.7,0.0
2024-04-13 06:53:00,46.56294,15.644185,10.0,6.0,11.5,87,9.4,10.7,0.0
2024-04-13 07:14:00,46.56294,15.644185,10.0,6.0,11.5,87,9.4,10.7,0.0
2024-04-13 07:24:00,46.56294,15.644185,10.0,6.0,11.5,87,9.4,10.7,0.0
2024-04-13 07:39:00,46.56294,15.644185,11.0,5.0,11.5,87,9.4,10.7,0.0
2024-04-13 07:54:00,46.56294,15.644185,11.0,5.0,11.5,87,9.4,10.7,0.0
2024-04-13 08:14:00,46.56294,15.644185,13.0,3.0,11.5,87,9.4,10.7,0.0
2024-04-13 08:24:00,46.56294,15.644185,13.0,3.0,11.5,87,9.4,10.7,0.0
2024-04-13 08:44:00,46.56294,15.644185,13.0,3.0,11.5,87,9.4,10.7,0.0
2024-04-13 08:54:00,46.56294,15.644185,13.0,3.0,11.5,87,9.4,10.7,0.0
2024-04-13 09:05:00,46.56294,15.644185,14.0,2.0,11.5,87,9.4,10.7,0.0
2024-04-13 09:25:00,46.56294,15.644185,14.0,2.0,11.5,87,9.4,10.7,0.0
2024-04-13 09:35:00,46.56294,15.644185,14.0,2.0,11.5,87,9.4,10.7,0.0
2024-04-13 09:45:00,46.56294,15.644185,14.0,2.0,11.5,87,9.4,10.7,0.0
2024-04-13 10:08:00,46.56294,15.644185,15.0,1.0,11.5,87,9.4,10.7,0.0
2024-04-13 10:25:00,46.56294,15.644185,15.0,1.0,11.5,87,9.4,10.7,0.0
2024-04-13 10:38:00,46.56294,15.644185,16.0,0.0,11.5,87,9.4,10.7,0.0
2024-04-13 10:56:00,46.56294,15.644185,16.0,0.0,11.5,87,9.4,10.7,0.0
2024-04-13 11:06:00,46.56294,15.644185,16.0,0.0,11.5,87,9.4,10.7,0.0
2024-04-13 11:26:00,46.56294,15.644185,16.0,0.0,11.5,87,9.4,10.7,0.0
2024-04-13 11:36:00,46.56294,15.644185,16.0,0.0,11.5,87,9.4,10.7,0.0
2024-04-13 11:46:00,46.56294,15.644185,16.0,0.0,11.5,87,9.4,10.7,0.0
2024-04-13 12:26:00,46.56294,15.644185,16.0,0.0,11.5,87,9.4,10.7,0.0
2024-04-13 12:37:00,46.56294,15.644185,16.0,0.0,11.5,87,9.4,10.7,0.0
2024-04-13 12:47:00,46.56294,15.644185,16.0,0.0,11.5,87,9.4,10.7,0.0
2024-04-13 13:17:00,46.56294,15.644185,16.0,0.0,11.5,87,9.4,10.7,0.0
2024-04-13 13:29:00,46.56294,15.644185,15.0,1.0,11.5,87,9.4,10.7,0.0
2024-04-13 13:38:00,46.56294,15.644185,16.0,0.0,11.5,87,9.4,10.7,0.0
2024-04-13 13:47:00,46.56294,15.644185,16.0,0.0,11.5,87,9.4,10.7,0.0
2024-04-13 14:07:00,46.56294,15.644185,16.0,0.0,11.5,87,9.4,10.7,0.0
2024-04-13 14:27:00,46.56294,15.644185,16.0,0.0,11.5,87,9.4,10.7,0.0
2024-04-13 14:38:00,46.56294,15.644185,16.0,0.0,11.5,87,9.4,10.7,0.0
2024-04-13 14:48:00,46.56294,15.644185,16.0,0.0,11.5,87,9.4,10.7,0.0
2024-04-13 15:12:00,46.56294,15.644185,14.0,2.0,11.5,87,9.4,10.7,0.0
2024-04-13 15:25:00,46.56294,15.644185,12.0,4.0,11.5,87,9.4,10.7,0.0
2024-04-13 15:38:00,46.56294,15.644185,12.0,4.0,11.5,87,9.4,10.7,0.0
2024-04-13 15:48:00,46.56294,15.644185,12.0,4.0,11.5,87,9.4,10.7,0.0
2024-04-13 16:19:00,46.56294,15.644185,9.0,7.0,11.5,87,9.4,10.7,0.0
2024-04-13 16:29:00,46.56294,15.644185,13.0,3.0,11.5,87,9.4,10.7,0.0
2024-04-13 16:46:00,46.56294,15.644185,11.0,5.0,11.5,87,9.4,10.7,0.0
2024-04-13 16:49:00,46.56294,15.644185,10.0,6.0,11.5,87,9.4,10.7,0.0
2024-04-13 17:11:00,46.56294,15.644185,10.0,6.0,11.5,87,9.4,10.7,0.0
2024-04-13 17:26:00,46.56294,15.644185,8.0,8.0,11.5,87,9.4,10.7,0.0
2024-04-13 17:38:00,46.56294,15.644185,10.0,6.0,11.5,87,9.4,10.7,0.0
2024-04-13 17:50:00,46.56294,15.644185,13.0,1.0,11.5,87,9.4,10.7,0.0
2024-04-13 18:15:00,46.56294,15.644185,15.0,1.0,11.5,87,9.4,10.7,0.0
2024-04-13 18:20:00,46.56294,15.644185,15.0,1.0,11.5,87,9.4,10.7,0.0
2024-04-13 18:30:00,46.56294,15.644185,14.0,2.0,11.5,87,9.4,10.7,0.0
2024-04-13 18:50:00,46.56294,15.644185,13.0,3.0,11.5,87,9.4,10.7,0.0
2024-04-13 19:10:00,46.56294,15.644185,12.0,4.0,11.5,87,9.4,10.7,0.0
2024-04-13 19:21:00,46.56294,15.644185,13.0,3.0,11.5,87,9.4,10.7,0.0
2024-04-13 19:31:00,46.56294,15.644185,13.0,3.0,11.5,87,9.4,10.7,0.0
2024-04-13 19:51:00,46.56294,15.644185,13.0,3.0,11.5,87,9.4,10.7,0.0
2024-04-13 20:11:00,46.56294,15.644185,14.0,2.0,11.5,87,9.4,10.7,0.0
2024-04-13 20:21:00,46.56294,15.644185,14.0,2.0,11.5,87,9.4,10.7,0.0
2024-04-13 20:38:00,46.56294,15.644185,16.0,0.0,11.5,87,9.4,10.7,0.0
2024-04-13 20:50:00,46.56294,15.644185,15.0,1.0,11.5,87,9.4,10.7,0.0
2024-04-13 21:12:00,46.56294,15.644185,16.0,0.0,11.5,87,9.4,10.7,0.0
2024-04-13 21:22:00,46.56294,15.644185,16.0,0.0,11.5,87,9.4,10.7,0.0
2024-04-13 21:37:00,46.56294,15.644185,16.0,0.0,11.5,87,9.4,10.7,0.0
2024-04-13 21:50:00,46.56294,15.644185,14.0,2.0,11.5,87,9.4,10.7,0.0
2024-04-13 22:12:00,46.56294,15.644185,14.0,2.0,11.5,87,9.4,10.7,0.0
2024-04-13 22:22:00,46.56294,15.644185,14.0,2.0,11.5,87,9.4,10.7,0.0
2024-04-13 22:32:00,46.56294,15.644185,13.0,3.0,11.5,87,9.4,10.7,0.0
2024-04-13 22:44:00,46.56294,15.644185,14.0,2.0,11.5,87,9.4,10.7,0.0
2024-04-13 23:13:00,46.56294,15.644185,14.0,2.0,11.5,87,9.4,10.7,0.0
2024-04-13 23:23:00,46.56294,15.644185,14.0,2.0,11.5,87,9.4,10.7,0.0
2024-04-13 23:43:00,46.56294,15.644185,13.0,3.0,11.5,87,9.4,10.7,0.0
2024-04-14 00:23:00,46.56294,15.644185,14.0,2.0,13.8,72,8.9,13.2,0.0
2024-04-14 02:21:00,46.56294,15.644185,15.0,1.0,12.6,77,8.7,11.8,0.0
2024-04-14 03:41:00,46.56294,15.644185,14.0,2.0,12.6,77,8.7,11.8,0.0
2024-04-14 04:22:00,46.56294,15.644185,14.0,2.0,12.6,77,8.7,11.8,0.0
2024-04-14 04:52:00,46.56294,15.644185,14.0,2.0,12.6,77,8.7,11.8,0.0
2024-04-14 06:13:00,46.56294,15.644185,16.0,0.0,12.6,77,8.7,11.8,0.0
2024-04-14 08:04:00,46.56294,15.644185,16.0,0.0,12.6,77,8.7,11.8,0.0
2024-04-14 10:45:00,46.56294,15.644185,15.0,1.0,12.6,77,8.7,11.8,0.0
2024-04-14 14:18:00,46.56294,15.644185,10.0,6.0,12.6,77,8.7,11.8,0.0
2024-04-14 15:08:00,46.56294,15.644185,10.0,6.0,12.6,77,8.7,11.8,0.0
2024-04-14 22:12:00,46.56294,15.644185,14.0,2.0,12.6,77,8.7,11.8,0.0
2024-04-14 23:33:00,46.56294,15.644185,14.0,2.0,12.6,77,8.7,11.8,0.0
2024-04-15 02:51:00,46.56294,15.644185,15.0,1.0,14.1,68,8.3,13.4,0.0
2024-04-15 04:12:00,46.56294,15.644185,15.0,1.0,14.1,68,8.3,13.4,0.0
2024-04-15 04:32:00,46.56294,15.644185,16.0,0.0,14.1,68,8.3,13.4,0.0
2024-04-15 04:42:00,46.56294,15.644185,16.0,0.0,14.1,68,8.3,13.4,0.0
2024-04-15 05:12:00,46.56294,15.644185,16.0,0.0,14.1,68,8.3,13.4,0.0
2024-04-15 05:22:00,46.56294,15.644185,16.0,0.0,14.1,68,8.3,13.4,0.0
2024-04-15 05:39:00,46.56294,15.644185,15.0,1.0,14.1,68,8.3,13.4,0.0
2024-04-15 05:42:00,46.56294,15.644185,16.0,0.0,14.1,68,8.3,13.4,0.0
2024-04-15 06:14:00,46.56294,15.644185,16.0,0.0,14.1,68,8.3,13.4,0.0
2024-04-15 06:33:00,46.56294,15.644185,16.0,0.0,14.1,68,8.3,13.4,0.0
2024-04-15 06:43:00,46.56294,15.644185,16.0,0.0,14.1,68,8.3,13.4,0.0
2024-04-15 07:03:00,46.56294,15.644185,16.0,0.0,14.1,68,8.3,13.4,0.0
2024-04-15 07:13:00,46.56294,15.644185,16.0,0.0,14.1,68,8.3,13.4,0.0
2024-04-15 07:23:00,46.56294,15.644185,16.0,0.0,14.1,68,8.3,13.4,0.0
2024-04-15 07:43:00,46.56294,15.644185,16.0,0.0,14.1,68,8.3,13.4,0.0
2024-04-15 07:54:00,46.56294,15.644185,16.0,0.0,14.1,68,8.3,13.4,0.0
2024-04-15 08:15:00,46.56294,15.644185,15.0,1.0,14.1,68,8.3,13.4,0.0
2024-04-15 08:24:00,46.56294,15.644185,14.0,2.0,14.1,68,8.3,13.4,0.0
2024-04-15 08:44:00,46.56294,15.644185,14.0,2.0,14.1,68,8.3,13.4,0.0
2024-04-15 08:54:00,46.56294,15.644185,16.0,0.0,14.1,68,8.3,13.4,0.0
2024-04-15 09:16:00,46.56294,15.644185,16.0,0.0,14.1,68,8.3,13.4,0.0
2024-04-15 09:24:00,46.56294,15.644185,16.0,0.0,14.1,68,8.3,13.4,0.0
2024-04-15 09:45:00,46.56294,15.644185,16.0,0.0,14.1,68,8.3,13.4,0.0
2024-04-15 09:55:00,46.56294,15.644185,14.0,2.0,14.1,68,8.3,13.4,0.0
2024-04-15 10:17:00,46.56294,15.644185,12.0,4.0,14.1,68,8.3,13.4,0.0
2024-04-15 10:26:00,46.56294,15.644185,15.0,1.0,14.1,68,8.3,13.4,0.0
2024-04-15 10:46:00,46.56294,15.644185,16.0,0.0,14.1,68,8.3,13.4,0.0
2024-04-15 10:55:00,46.56294,15.644185,16.0,0.0,14.1,68,8.3,13.4,0.0
2024-04-15 11:16:00,46.56294,15.644185,16.0,0.0,14.1,68,8.3,13.4,0.0
2024-04-15 11:28:00,46.56294,15.644185,16.0,0.0,14.1,68,8.3,13.4,0.0
2024-04-15 11:36:00,46.56294,15.644185,16.0,0.0,14.1,68,8.3,13.4,0.0
2024-04-15 11:56:00,46.56294,15.644185,14.0,2.0,14.1,68,8.3,13.4,0.0
2024-04-15 12:27:00,46.56294,15.644185,12.0,4.0,14.1,68,8.3,13.4,0.0
2024-04-15 12:49:00,46.56294,15.644185,13.0,3.0,14.1,68,8.3,13.4,0.0
2024-04-15 13:17:00,46.56294,15.644185,8.0,8.0,14.1,68,8.3,13.4,0.0
2024-04-15 13:29:00,46.56294,15.644185,11.0,5.0,14.1,68,8.3,13.4,0.0
2024-04-15 13:37:00,46.56294,15.644185,9.0,7.0,14.1,68,8.3,13.4,0.0
2024-04-15 13:58:00,46.56294,15.644185,11.0,5.0,14.1,68,8.3,13.4,0.0
2024-04-15 14:18:00,46.56294,15.644185,13.0,3.0,14.1,68,8.3,13.4,0.0
2024-04-15 14:30:00,46.56294,15.644185,9.0,7.0,14.1,68,8.3,13.4,0.0
2024-04-15 14:46:00,46.56294,15.644185,14.0,2.0,14.1,68,8.3,13.4,0.0
2024-04-15 14:58:00,46.56294,15.644185,14.0,2.0,14.1,68,8.3,13.4,0.0
2024-04-15 15:16:00,46.56294,15.644185,15.0,1.0,14.1,68,8.3,13.4,0.0
2024-04-15 15:29:00,46.56294,15.644185,12.0,4.0,14.1,68,8.3,13.4,0.0
2024-04-15 15:41:00,46.56294,15.644185,11.0,5.0,14.1,68,8.3,13.4,0.0
2024-04-15 15:55:00,46.56294,15.644185,10.0,6.0,14.1,68,8.3,13.4,0.0
2024-04-15 16:22:00,46.56294,15.644185,5.0,11.0,14.1,68,8.3,13.4,0.0
2024-04-15 16:34:00,46.56294,15.644185,8.0,8.0,14.1,68,8.3,13.4,0.0
2024-04-15 16:46:00,46.56294,15.644185,12.0,4.0,14.1,68,8.3,13.4,0.0
2024-04-15 17:02:00,46.56294,15.644185,13.0,3.0,14.1,68,8.3,13.4,0.0
2024-04-15 17:20:00,46.56294,15.644185,15.0,1.0,14.1,68,8.3,13.4,0.0
2024-04-15 17:37:00,46.56294,15.644185,15.0,1.0,14.1,68,8.3,13.4,0.0
2024-04-15 17:48:00,46.56294,15.644185,16.0,0.0,14.1,68,8.3,13.4,0.0
2024-04-15 18:08:00,46.56294,15.644185,15.0,1.0,14.1,68,8.3,13.4,0.0
2024-04-15 18:22:00,46.56294,15.644185,15.0,1.0,14.1,68,8.3,13.4,0.0
2024-04-15 18:31:00,46.56294,15.644185,15.0,1.0,14.1,68,8.3,13.4,0.0
2024-04-15 18:51:00,46.56294,15.644185,15.0,1.0,14.1,68,8.3,13.4,0.0
2024-04-15 19:14:00,46.56294,15.644185,11.0,5.0,14.1,68,8.3,13.4,0.0
2024-04-15 19:22:00,46.56294,15.644185,10.0,6.0,14.1,68,8.3,13.4,0.0
2024-04-15 19:32:00,46.56294,15.644185,10.0,6.0,14.1,68,8.3,13.4,0.0
2024-04-15 19:53:00,46.56294,15.644185,13.0,3.0,14.1,68,8.3,13.4,0.0
2024-04-15 20:12:00,46.56294,15.644185,13.0,3.0,14.1,68,8.3,13.4,0.0
2024-04-15 20:30:00,46.56294,15.644185,12.0,4.0,14.1,68,8.3,13.4,0.0
2024-04-15 20:44:00,46.56294,15.644185,10.0,6.0,14.1,68,8.3,13.4,0.0
2024-04-15 20:52:00,46.56294,15.644185,9.0,7.0,14.1,68,8.3,13.4,0.0
2024-04-15 21:13:00,46.56294,15.644185,9.0,7.0,14.1,68,8.3,13.4,0.0
2024-04-15 21:23:00,46.56294,15.644185,10.0,6.0,14.1,68,8.3,13.4,0.0
2024-04-15 21:43:00,46.56294,15.644185,10.0,6.0,14.1,68,8.3,13.4,0.0
2024-04-15 21:54:00,46.56294,15.644185,9.0,7.0,14.1,68,8.3,13.4,0.0
2024-04-15 22:13:00,46.56294,15.644185,9.0,7.0,14.1,68,8.3,13.4,0.0
2024-04-15 22:33:00,46.56294,15.644185,9.0,7.0,14.1,68,8.3,13.4,0.0
2024-04-15 22:43:00,46.56294,15.644185,9.0,7.0,14.1,68,8.3,13.4,0.0
2024-04-15 23:14:00,46.56294,15.644185,9.0,7.0,14.1,68,8.3,13.4,0.0
2024-04-15 23:24:00,46.56294,15.644185,9.0,7.0,14.1,68,8.3,13.4,0.0
2024-04-15 23:34:00,46.56294,15.644185,9.0,7.0,14.1,68,8.3,13.4,0.0
2024-04-15 23:54:00,46.56294,15.644185,9.0,7.0,14.1,68,8.3,13.4,0.0
2024-04-16 01:15:00,46.56294,15.644185,8.0,8.0,13.5,75,9.2,11.5,0.0
2024-04-16 01:50:00,46.56294,15.644185,8.0,8.0,14.1,72,9.2,11.7,0.0
2024-04-16 02:21:00,46.56294,15.644185,8.0,8.0,14.1,72,9.2,11.7,0.0
2024-04-16 02:31:00,46.56294,15.644185,8.0,8.0,14.1,72,9.2,11.7,0.0
2024-04-16 02:51:00,46.56294,15.644185,8.0,8.0,14.1,72,9.2,11.7,0.0
2024-04-16 03:11:00,46.56294,15.644185,8.0,8.0,14.1,72,9.2,11.7,0.0
2024-04-16 03:31:00,46.56294,15.644185,8.0,8.0,14.1,72,9.2,11.7,0.0
2024-04-16 03:41:00,46.56294,15.644185,8.0,8.0,14.1,72,9.2,11.7,0.0
2024-04-16 04:03:00,46.56294,15.644185,9.0,7.0,14.1,72,9.2,11.7,0.0
2024-04-16 04:22:00,46.56294,15.644185,9.0,7.0,14.1,72,9.2,11.7,0.0
2024-04-16 04:32:00,46.56294,15.644185,9.0,7.0,14.1,72,9.2,11.7,0.0
2024-04-16 04:55:00,46.56294,15.644185,7.0,9.0,14.1,72,9.2,11.7,0.0
2024-04-16 05:12:00,46.56294,15.644185,8.0,8.0,14.1,72,9.2,11.7,0.0
2024-04-16 05:31:00,46.56294,15.644185,6.0,10.0,14.1,72,9.2,11.7,0.0
2024-04-16 05:43:00,46.56294,15.644185,7.0,9.0,14.1,72,9.2,11.7,0.0
2024-04-16 05:57:00,46.56294,15.644185,6.0,10.0,14.1,72,9.2,11.7,0.0
2024-04-16 06:23:00,46.56294,15.644185,6.0,10.0,14.1,72,9.2,11.7,0.0
2024-04-16 06:33:00,46.56294,15.644185,9.0,7.0,14.1,72,9.2,11.7,0.0
2024-04-16 06:48:00,46.56294,15.644185,10.0,6.0,14.1,72,9.2,11.7,0.0
2024-04-16 07:07:00,46.56294,15.644185,10.0,6.0,14.1,72,9.2,11.7,0.0
2024-04-16 07:14:00,46.56294,15.644185,10.0,6.0,14.1,72,9.2,11.7,0.0
2024-04-16 07:34:00,46.56294,15.644185,10.0,6.0,14.1,72,9.2,11.7,0.0
2024-04-16 07:44:00,46.56294,15.644185,10.0,6.0,14.1,72,9.2,11.7,0.0
2024-04-16 08:04:00,46.56294,15.644185,11.0,5.0,14.1,72,9.2,11.7,0.0
2024-04-16 08:24:00,46.56294,15.644185,11.0,5.0,14.1,72,9.2,11.7,0.0
2024-04-16 08:34:00,46.56294,15.644185,11.0,5.0,14.1,72,9.2,11.7,0.0
2024-04-16 08:44:00,46.56294,15.644185,11.0,5.0,14.1,72,9.2,11.7,0.0
2024-04-16 09:15:00,46.56294,15.644185,11.0,5.0,14.1,72,9.2,11.7,0.0
2024-04-16 09:25:00,46.56294,15.644185,11.0,5.0,14.1,72,9.2,11.7,0.0
2024-04-16 09:35:00,46.56294,15.644185,11.0,5.0,14.1,72,9.2,11.7,0.0
2024-04-16 09:55:00,46.56294,15.644185,11.0,5.0,14.1,72,9.2,11.7,0.0
2024-04-16 10:15:00,46.56294,15.644185,11.0,5.0,14.1,72,9.2,11.7,0.0
2024-04-16 10:35:00,46.56294,15.644185,11.0,5.0,14.1,72,9.2,11.7,0.0
2024-04-16 10:45:00,46.56294,15.644185,11.0,5.0,14.1,72,9.2,11.7,0.0
2024-04-16 10:56:00,46.56294,15.644185,11.0,5.0,14.1,72,9.2,11.7,0.0
2024-04-16 11:16:00,46.56294,15.644185,11.0,5.0,14.1,72,9.2,11.7,0.0
2024-04-16 11:26:00,46.56294,15.644185,11.0,5.0,14.1,72,9.2,11.7,0.0
2024-04-16 11:46:00,46.56294,15.644185,11.0,5.0,14.1,72,9.2,11.7,0.0
2024-04-16 11:56:00,46.56294,15.644185,11.0,5.0,14.1,72,9.2,11.7,0.0
2024-04-16 12:26:00,46.56294,15.644185,11.0,5.0,14.1,72,9.2,11.7,0.0
2024-04-16 12:46:00,46.56294,15.644185,11.0,5.0,14.1,72,9.2,11.7,0.0
2024-04-16 13:17:00,46.56294,15.644185,10.0,6.0,14.1,72,9.2,11.7,0.0
2024-04-16 13:27:00,46.56294,15.644185,10.0,6.0,14.1,72,9.2,11.7,0.0
2024-04-16 13:37:00,46.56294,15.644185,10.0,6.0,14.1,72,9.2,11.7,0.0
2024-04-16 13:57:00,46.56294,15.644185,10.0,6.0,14.1,72,9.2,11.7,0.0
2024-04-16 14:17:00,46.56294,15.644185,10.0,6.0,14.1,72,9.2,11.7,0.0
2024-04-16 14:34:00,46.56294,15.644185,11.0,5.0,14.1,72,9.2,11.7,0.0
2024-04-16 14:48:00,46.56294,15.644185,11.0,5.0,14.1,72,9.2,11.7,0.0
2024-04-16 14:58:00,46.56294,15.644185,11.0,5.0,14.1,72,9.2,11.7,0.0
2024-04-16 15:19:00,46.56294,15.644185,12.0,4.0,14.1,72,9.2,11.7,0.0
2024-04-16 15:28:00,46.56294,15.644185,12.0,4.0,14.1,72,9.2,11.7,0.0
2024-04-16 15:48:00,46.56294,15.644185,12.0,4.0,14.1,72,9.2,11.7,0.0
2024-04-16 16:08:00,46.56294,15.644185,12.0,4.0,14.1,72,9.2,11.7,0.0
2024-04-16 16:28:00,46.56294,15.644185,13.0,3.0,14.1,72,9.2,11.7,0.0
2024-04-16 16:39:00,46.56294,15.644185,14.0,2.0,14.1,72,9.2,11.7,0.0
2024-04-16 16:49:00,46.56294,15.644185,14.0,2.0,14.1,72,9.2,11.7,0.0
2024-04-16 17:09:00,46.56294,15.644185,16.0,0.0,14.1,72,9.2,11.7,0.0
2024-04-16 17:29:00,46.56294,15.644185,15.0,1.0,14.1,72,9.2,11.7,0.0
2024-04-16 17:39:00,46.56294,15.644185,15.0,1.0,14.1,72,9.2,11.7,0.0
2024-04-16 17:53:00,46.56294,15.644185,15.0,1.0,14.1,72,9.2,11.7,0.0
2024-04-16 18:20:00,46.56294,15.644185,16.0,0.0,14.1,72,9.2,11.7,0.0
2024-04-16 18:30:00,46.56294,15.644185,16.0,0.0,14.1,72,9.2,11.7,0.0
2024-04-16 18:47:00,46.56294,15.644185,14.0,2.0,14.1,72,9.2,11.7,0.0
2024-04-16 19:00:00,46.56294,15.644185,14.0,2.0,14.1,72,9.2,11.7,0.0
2024-04-16 19:10:00,46.56294,15.644185,14.0,2.0,14.1,72,9.2,11.7,0.0
2024-04-16 19:30:00,46.56294,15.644185,14.0,2.0,14.1,72,9.2,11.7,0.0
2024-04-16 19:40:00,46.56294,15.644185,14.0,2.0,14.1,72,9.2,11.7,0.0
2024-04-16 19:51:00,46.56294,15.644185,14.0,2.0,14.1,72,9.2,11.7,0.0
2024-04-16 20:14:00,46.56294,15.644185,12.0,4.0,14.1,72,9.2,11.7,0.0
2024-04-16 20:31:00,46.56294,15.644185,12.0,4.0,14.1,72,9.2,11.7,0.0
2024-04-16 20:41:00,46.56294,15.644185,12.0,4.0,14.1,72,9.2,11.7,0.0
2024-04-16 20:51:00,46.56294,15.644185,11.0,5.0,14.1,72,9.2,11.7,0.0
2024-04-16 21:11:00,46.56294,15.644185,10.0,6.0,14.1,72,9.2,11.7,0.0
2024-04-16 21:21:00,46.56294,15.644185,11.0,5.0,14.1,72,9.2,11.7,0.0
2024-04-16 21:42:00,46.56294,15.644185,11.0,5.0,14.1,72,9.2,11.7,0.0
2024-04-16 21:52:00,46.56294,15.644185,11.0,5.0,14.1,72,9.2,11.7,0.0
2024-04-16 22:12:00,46.56294,15.644185,10.0,6.0,14.1,72,9.2,11.7,0.0
2024-04-16 22:32:00,46.56294,15.644185,10.0,6.0,14.1,72,9.2,11.7,0.0
2024-04-16 22:47:00,46.56294,15.644185,13.0,3.0,14.1,72,9.2,11.7,0.0
2024-04-16 23:12:00,46.56294,15.644185,13.0,3.0,14.1,72,9.2,11.7,0.0
2024-04-16 23:22:00,46.56294,15.644185,13.0,3.0,14.1,72,9.2,11.7,0.0
2024-04-16 23:33:00,46.56294,15.644185,13.0,3.0,14.1,72,9.2,11.7,0.0
2024-04-16 23:53:00,46.56294,15.644185,13.0,3.0,14.1,72,9.2,11.7,0.0
2024-04-17 01:13:00,46.56294,15.644185,12.0,4.0,4.5,84,2.1,2.5,0.0
2024-04-17 02:00:00,46.56294,15.644185,8.0,8.0,4.3,89,2.7,2.5,0.0
2024-04-17 02:21:00,46.56294,15.644185,8.0,8.0,4.3,89,2.7,2.5,0.0
2024-04-17 02:41:00,46.56294,15.644185,7.0,9.0,4.3,89,2.7,2.5,0.0
2024-04-17 02:51:00,46.56294,15.644185,7.0,9.0,4.3,89,2.7,2.5,0.0
2024-04-17 03:11:00,46.56294,15.644185,7.0,9.0,4.3,89,2.7,2.5,0.0
2024-04-17 03:31:00,46.56294,15.644185,7.0,9.0,4.3,89,2.7,2.5,0.0
2024-04-17 03:41:00,46.56294,15.644185,7.0,9.0,4.3,89,2.7,2.5,0.0
2024-04-17 04:11:00,46.56294,15.644185,7.0,9.0,4.3,89,2.7,2.5,0.0
2024-04-17 04:32:00,46.56294,15.644185,7.0,9.0,4.3,89,2.7,2.5,0.0
2024-04-17 04:42:00,46.56294,15.644185,7.0,9.0,4.3,89,2.7,2.5,0.0
2024-04-17 05:06:00,46.56294,15.644185,8.0,8.0,4.3,89,2.7,2.5,0.0
2024-04-17 05:25:00,46.56294,15.644185,10.0,6.0,4.3,89,2.7,2.5,0.0
2024-04-17 05:36:00,46.56294,15.644185,11.0,5.0,4.3,89,2.7,2.5,0.0
2024-04-17 05:42:00,46.56294,15.644185,12.0,4.0,4.3,89,2.7,2.5,0.0
2024-04-17 06:23:00,46.56294,15.644185,12.0,4.0,4.3,89,2.7,2.5,0.0
2024-04-17 06:33:00,46.56294,15.644185,12.0,4.0,4.3,89,2.7,2.5,0.0
2024-04-17 06:43:00,46.56294,15.644185,12.0,4.0,4.3,89,2.7,2.5,0.0
2024-04-17 07:15:00,46.56294,15.644185,10.0,6.0,4.3,89,2.7,2.5,0.0
2024-04-17 07:23:00,46.56294,15.644185,12.0,4.0,4.3,89,2.7,2.5,0.0
2024-04-17 07:34:00,46.56294,15.644185,12.0,4.0,4.3,89,2.7,2.5,0.0
2024-04-17 07:54:00,46.56294,15.644185,16.0,0.0,4.3,89,2.7,2.5,0.0
2024-04-17 08:14:00,46.56294,15.644185,16.0,0.0,4.3,89,2.7,2.5,0.0
2024-04-17 08:34:00,46.56294,15.644185,14.0,2.0,4.3,89,2.7,2.5,0.0
2024-04-17 08:44:00,46.56294,15.644185,14.0,2.0,4.3,89,2.7,2.5,0.0
2024-04-17 09:04:00,46.56294,15.644185,12.0,4.0,4.3,89,2.7,2.5,0.0
2024-04-17 09:22:00,46.56294,15.644185,12.0,4.0,4.3,89,2.7,2.5,0.0
2024-04-17 09:35:00,46.56294,15.644185,11.0,5.0,4.3,89,2.7,2.5,0.0
2024-04-17 09:45:00,46.56294,15.644185,12.0,4.0,4.3,89,2.7,2.5,0.0
2024-04-17 10:15:00,46.56294,15.644185,12.0,4.0,4.3,89,2.7,2.5,0.0
2024-04-17 10:31:00,46.56294,15.644185,12.0,4.0,4.3,89,2.7,2.5,0.0
2024-04-17 10:45:00,46.56294,15.644185,11.0,5.0,4.3,89,2.7,2.5,0.0
2024-04-17 10:56:00,46.56294,15.644185,10.0,6.0,4.3,89,2.7,2.5,0.0
2024-04-17 11:16:00,46.56294,15.644185,11.0,5.0,4.3,89,2.7,2.5,0.0
2024-04-17 11:27:00,46.56294,15.644185,15.0,1.0,4.3,89,2.7,2.5,0.0
2024-04-17 11:36:00,46.56294,15.644185,15.0,1.0,4.3,89,2.7,2.5,0.0
2024-04-17 11:56:00,46.56294,15.644185,16.0,0.0,4.3,89,2.7,2.5,0.0
2024-04-17 12:33:00,46.56294,15.644185,15.0,1.0,4.3,89,2.7,2.5,0.0
2024-04-17 12:53:00,46.56294,15.644185,15.0,1.0,4.3,89,2.7,2.5,0.0
2024-04-17 13:17:00,46.56294,15.644185,15.0,1.0,4.3,89,2.7,2.5,0.0
2024-04-17 13:27:00,46.56294,15.644185,15.0,1.0,4.3,89,2.7,2.5,0.0
2024-04-17 13:39:00,46.56294,15.644185,14.0,2.0,4.3,89,2.7,2.5,0.0
2024-04-17 13:57:00,46.56294,15.644185,16.0,0.0,4.3,89,2.7,2.5,0.0
2024-04-17 14:20:00,46.56294,15.644185,14.0,2.0,4.3,89,2.7,2.5,0.0
2024-04-17 14:28:00,46.56294,15.644185,13.0,3.0,4.3,89,2.7,2.5,0.0
2024-04-17 14:48:00,46.56294,15.644185,16.0,0.0,4.3,89,2.7,2.5,0.0
2024-04-17 14:58:00,46.56294,15.644185,15.0,1.0,4.3,89,2.7,2.5,0.0
2024-04-17 15:22:00,46.56294,15.644185,15.0,1.0,4.3,89,2.7,2.5,0.0
2024-04-17 15:28:00,46.56294,15.644185,16.0,0.0,4.3,89,2.7,2.5,0.0
2024-04-17 15:49:00,46.56294,15.644185,7.0,9.0,4.3,89,2.7,2.5,0.0
2024-04-17 16:19:00,46.56294,15.644185,6.0,10.0,4.3,89,2.7,2.5,0.0
2024-04-17 16:32:00,46.56294,15.644185,10.0,6.0,4.3,89,2.7,2.5,0.0
2024-04-17 16:53:00,46.56294,15.644185,11.0,5.0,4.3,89,2.7,2.5,0.0
2024-04-17 17:10:00,46.56294,15.644185,12.0,4.0,4.3,89,2.7,2.5,0.0
2024-04-17 17:24:00,46.56294,15.644185,10.0,6.0,4.3,89,2.7,2.5,0.0
2024-04-17 17:40:00,46.56294,15.644185,9.0,7.0,4.3,89,2.7,2.5,0.0
2024-04-17 17:55:00,46.56294,15.644185,8.0,8.0,4.3,89,2.7,2.5,0.0
2024-04-17 18:21:00,46.56294,15.644185,8.0,8.0,4.3,89,2.7,2.5,0.0
2024-04-17 18:34:00,46.56294,15.644185,7.0,9.0,4.3,89,2.7,2.5,0.0
2024-04-17 18:41:00,46.56294,15.644185,6.0,10.0,4.3,89,2.7,2.5,0.0
2024-04-17 19:01:00,46.56294,15.644185,6.0,10.0,4.3,89,2.7,2.5,0.0
2024-04-17 19:21:00,46.56294,15.644185,6.0,10.0,4.3,89,2.7,2.5,0.0
2024-04-17 19:34:00,46.56294,15.644185,7.0,9.0,4.3,89,2.7,2.5,0.0
2024-04-17 19:41:00,46.56294,15.644185,7.0,9.0,4.3,89,2.7,2.5,0.0
2024-04-17 20:12:00,46.56294,15.644185,7.0,9.0,4.3,89,2.7,2.5,0.0
2024-04-17 20:22:00,46.56294,15.644185,7.0,9.0,4.3,89,2.7,2.5,0.0
2024-04-17 20:32:00,46.56294,15.644185,7.0,9.0,4.3,89,2.7,2.5,0.0
2024-04-17 20:52:00,46.56294,15.644185,7.0,9.0,4.3,89,2.7,2.5,0.0
2024-04-17 21:13:00,46.56294,15.644185,5.0,11.0,4.3,89,2.7,2.5,0.0
2024-04-17 21:23:00,46.56294,15.644185,5.0,11.0,4.3,89,2.7,2.5,0.0
2024-04-17 21:33:00,46.56294,15.644185,5.0,11.0,4.3,89,2.7,2.5,0.0
2024-04-17 21:55:00,46.56294,15.644185,6.0,10.0,4.3,89,2.7,2.5,0.0
2024-04-17 22:13:00,46.56294,15.644185,7.0,9.0,4.3,89,2.7,2.5,0.0
2024-04-17 22:23:00,46.56294,15.644185,7.0,9.0,4.3,89,2.7,2.5,0.0
2024-04-17 22:43:00,46.56294,15.644185,7.0,9.0,4.3,89,2.7,2.5,0.0
2024-04-17 22:53:00,46.56294,15.644185,7.0,9.0,4.3,89,2.7,2.5,0.0
2024-04-17 23:14:00,46.56294,15.644185,7.0,9.0,4.3,89,2.7,2.5,0.0
2024-04-17 23:34:00,46.56294,15.644185,8.0,8.0,4.3,89,2.7,2.5,0.0
2024-04-17 23:44:00,46.56294,15.644185,8.0,8.0,4.3,89,2.7,2.5,0.0
2024-04-18 00:34:00,46.56294,15.644185,8.0,8.0,7.5,66,1.6,4.5,0.0
2024-04-18 01:31:00,46.56294,15.644185,8.0,8.0,7.1,74,2.8,3.9,0.0
2024-04-18 02:10:00,46.56294,15.644185,8.0,8.0,7.1,74,2.8,3.9,0.0
2024-04-18 02:31:00,46.56294,15.644185,8.0,8.0,7.1,74,2.8,3.9,0.0
2024-04-18 02:41:00,46.56294,15.644185,8.0,8.0,7.1,74,2.8,3.9,0.0
2024-04-18 02:51:00,46.56294,15.644185,8.0,8.0,7.1,74,2.8,3.9,0.0
2024-04-18 03:11:00,46.56294,15.644185,8.0,8.0,7.1,74,2.8,3.9,0.0
2024-04-18 03:31:00,46.56294,15.644185,8.0,8.0,7.1,74,2.8,3.9,0.0
2024-04-18 03:41:00,46.56294,15.644185,8.0,8.0,7.1,74,2.8,3.9,0.0
2024-04-18 04:15:00,46.56294,15.644185,8.0,8.0,7.1,74,2.8,3.9,0.0
2024-04-18 04:29:00,46.56294,15.644185,10.0,6.0,7.1,74,2.8,3.9,0.0
2024-04-18 04:43:00,46.56294,15.644185,10.0,6.0,7.1,74,2.8,3.9,0.0
2024-04-18 04:57:00,46.56294,15.644185,10.0,6.0,7.1,74,2.8,3.9,0.0
2024-04-18 05:12:00,46.56294,15.644185,11.0,5.0,7.1,74,2.8,3.9,0.0
2024-04-18 05:32:00,46.56294,15.644185,10.0,6.0,7.1,74,2.8,3.9,0.0
2024-04-18 05:45:00,46.56294,15.644185,12.0,4.0,7.1,74,2.8,3.9,0.0
2024-04-18 06:03:00,46.56294,15.644185,9.0,7.0,7.1,74,2.8,3.9,0.0
2024-04-18 06:23:00,46.56294,15.644185,9.0,7.0,7.1,74,2.8,3.9,0.0
2024-04-18 06:46:00,46.56294,15.644185,9.0,7.0,7.1,74,2.8,3.9,0.0
2024-04-18 06:53:00,46.56294,15.644185,9.0,7.0,7.1,74,2.8,3.9,0.0
2024-04-18 07:14:00,46.56294,15.644185,9.0,7.0,7.1,74,2.8,3.9,0.0
2024-04-18 07:24:00,46.56294,15.644185,9.0,7.0,7.1,74,2.8,3.9,0.0
2024-04-18 07:44:00,46.56294,15.644185,11.0,5.0,7.1,74,2.8,3.9,0.0
2024-04-18 07:55:00,46.56294,15.644185,13.0,3.0,7.1,74,2.8,3.9,0.0
2024-04-18 08:24:00,46.56294,15.644185,12.0,4.0,7.1,74,2.8,3.9,0.0
2024-04-18 08:36:00,46.56294,15.644185,14.0,2.0,7.1,74,2.8,3.9,0.0
2024-04-18 08:46:00,46.56294,15.644185,15.0,1.0,7.1,74,2.8,3.9,0.0
2024-04-18 09:15:00,46.56294,15.644185,11.0,5.0,7.1,74,2.8,3.9,0.0
2024-04-18 09:25:00,46.56294,15.644185,12.0,4.0,7.1,74,2.8,3.9,0.0
2024-04-18 09:37:00,46.56294,15.644185,14.0,2.0,7.1,74,2.8,3.9,0.0
2024-04-18 09:55:00,46.56294,15.644185,14.0,2.0,7.1,74,2.8,3.9,0.0
2024-04-18 10:15:00,46.56294,15.644185,14.0,2.0,7.1,74,2.8,3.9,0.0
2024-04-18 10:36:00,46.56294,15.644185,15.0,1.0,7.1,74,2.8,3.9,0.0
2024-04-18 10:46:00,46.56294,15.644185,16.0,0.0,7.1,74,2.8,3.9,0.0
2024-04-18 11:08:00,46.56294,15.644185,16.0,0.0,7.1,74,2.8,3.9,0.0
2024-04-18 11:26:00,46.56294,15.644185,16.0,0.0,7.1,74,2.8,3.9,0.0
2024-04-18 11:36:00,46.56294,15.644185,16.0,0.0,7.1,74,2.8,3.9,0.0
2024-04-18 11:46:00,46.56294,15.644185,16.0,0.0,7.1,74,2.8,3.9,0.0
2024-04-18 12:27:00,46.56294,15.644185,16.0,0.0,7.1,74,2.8,3.9,0.0
2024-04-18 12:47:00,46.56294,15.644185,16.0,0.0,7.1,74,2.8,3.9,0.0
2024-04-18 13:17:00,46.56294,15.644185,15.0,1.0,7.1,74,2.8,3.9,0.0
2024-04-18 13:29:00,46.56294,15.644185,16.0,0.0,7.1,74,2.8,3.9,0.0
2024-04-18 13:45:00,46.56294,15.644185,7.0,9.0,7.1,74,2.8,3.9,0.0
2024-04-18 13:58:00,46.56294,15.644185,6.0,10.0,7.1,74,2.8,3.9,0.0
2024-04-18 14:20:00,46.56294,15.644185,4.0,12.0,7.1,74,2.8,3.9,0.0
2024-04-18 14:34:00,46.56294,15.644185,4.0,12.0,7.1,74,2.8,3.9,0.0
2024-04-18 14:49:00,46.56294,15.644185,1.0,15.0,7.1,74,2.8,3.9,0.0
2024-04-18 15:03:00,46.56294,15.644185,1.0,15.0,7.1,74,2.8,3.9,0.0
2024-04-18 15:18:00,46.56294,15.644185,2.0,14.0,7.1,74,2.8,3.9,0.0
2024-04-18 15:29:00,46.56294,15.644185,3.0,13.0,7.1,74,2.8,3.9,0.0
2024-04-18 15:49:00,46.56294,15.644185,3.0,13.0,7.1,74,2.8,3.9,0.0
2024-04-18 16:09:00,46.56294,15.644185,1.0,15.0,7.1,74,2.8,3.9,0.0
2024-04-18 16:29:00,46.56294,15.644185,5.0,11.0,7.1,74,2.8,3.9,0.0
2024-04-18 16:39:00,46.56294,15.644185,4.0,12.0,7.1,74,2.8,3.9,0.0
2024-04-18 16:49:00,46.56294,15.644185,4.0,12.0,7.1,74,2.8,3.9,0.0
2024-04-18 17:10:00,46.56294,15.644185,4.0,12.0,7.1,74,2.8,3.9,0.0
2024-04-18 17:30:00,46.56294,15.644185,3.0,13.0,7.1,74,2.8,3.9,0.0
2024-04-18 17:40:00,46.56294,15.644185,3.0,13.0,7.1,74,2.8,3.9,0.0
2024-04-18 17:57:00,46.56294,15.644185,2.0,14.0,7.1,74,2.8,3.9,0.0
2024-04-18 18:20:00,46.56294,15.644185,2.0,14.0,7.1,74,2.8,3.9,0.0
2024-04-18 18:30:00,46.56294,15.644185,2.0,14.0,7.1,74,2.8,3.9,0.0
2024-04-18 18:44:00,46.56294,15.644185,3.0,13.0,7.1,74,2.8,3.9,0.0
2024-04-18 19:01:00,46.56294,15.644185,3.0,13.0,7.1,74,2.8,3.9,0.0
2024-04-18 19:14:00,46.56294,15.644185,5.0,11.0,7.1,74,2.8,3.9,0.0
2024-04-18 19:21:00,46.56294,15.644185,5.0,11.0,7.1,74,2.8,3.9,0.0
2024-04-18 19:41:00,46.56294,15.644185,5.0,11.0,7.1,74,2.8,3.9,0.0
2024-04-18 19:56:00,46.56294,15.644185,6.0,10.0,7.1,74,2.8,3.9,0.0
2024-04-18 20:11:00,46.56294,15.644185,9.0,7.0,7.1,74,2.8,3.9,0.0
2024-04-18 20:32:00,46.56294,15.644185,9.0,7.0,7.1,74,2.8,3.9,0.0
2024-04-18 20:42:00,46.56294,15.644185,9.0,7.0,7.1,74,2.8,3.9,0.0
2024-04-18 20:52:00,46.56294,15.644185,9.0,7.0,7.1,74,2.8,3.9,0.0
2024-04-18 21:12:00,46.56294,15.644185,10.0,6.0,7.1,74,2.8,3.9,0.0
2024-04-18 21:28:00,46.56294,15.644185,9.0,7.0,7.1,74,2.8,3.9,0.0
2024-04-18 21:32:00,46.56294,15.644185,9.0,7.0,7.1,74,2.8,3.9,0.0
2024-04-18 21:52:00,46.56294,15.644185,9.0,7.0,7.1,74,2.8,3.9,0.0
2024-04-18 22:13:00,46.56294,15.644185,9.0,7.0,7.1,74,2.8,3.9,0.0
2024-04-18 22:23:00,46.56294,15.644185,9.0,7.0,7.1,74,2.8,3.9,0.0
2024-04-18 22:43:00,46.56294,15.644185,9.0,7.0,7.1,74,2.8,3.9,0.0
2024-04-18 22:53:00,46.56294,15.644185,9.0,7.0,7.1,74,2.8,3.9,0.0
2024-04-18 23:13:00,46.56294,15.644185,9.0,7.0,7.1,74,2.8,3.9,0.0
2024-04-18 23:40:00,46.56294,15.644185,10.0,6.0,7.1,74,2.8,3.9,0.0
2024-04-18 23:43:00,46.56294,15.644185,10.0,6.0,7.1,74,2.8,3.9,0.0
2024-04-19 00:34:00,46.56294,15.644185,10.0,6.0,4.6,86,2.5,2.3,0.0
2024-04-19 01:32:00,46.56294,15.644185,10.0,6.0,4.5,80,1.3,1.8,0.0
2024-04-19 02:12:00,46.56294,15.644185,10.0,6.0,4.5,80,1.3,1.8,0.0
2024-04-19 02:32:00,46.56294,15.644185,10.0,6.0,4.5,80,1.3,1.8,0.0
2024-04-19 02:42:00,46.56294,15.644185,10.0,6.0,4.5,80,1.3,1.8,0.0
2024-04-19 02:52:00,46.56294,15.644185,10.0,6.0,4.5,80,1.3,1.8,0.0
2024-04-19 03:12:00,46.56294,15.644185,10.0,6.0,4.5,80,1.3,1.8,0.0
2024-04-19 03:32:00,46.56294,15.644185,10.0,6.0,4.5,80,1.3,1.8,0.0
2024-04-19 03:42:00,46.56294,15.644185,10.0,6.0,4.5,80,1.3,1.8,0.0
2024-04-19 04:13:00,46.56294,15.644185,10.0,6.0,4.5,80,1.3,1.8,0.0
2024-04-19 04:31:00,46.56294,15.644185,11.0,5.0,4.5,80,1.3,1.8,0.0
2024-04-19 04:43:00,46.56294,15.644185,10.0,6.0,4.5,80,1.3,1.8,0.0
2024-04-19 04:53:00,46.56294,15.644185,10.0,6.0,4.5,80,1.3,1.8,0.0
2024-04-19 05:15:00,46.56294,15.644185,10.0,6.0,4.5,80,1.3,1.8,0.0
2024-04-19 05:33:00,46.56294,15.644185,11.0,5.0,4.5,80,1.3,1.8,0.0
2024-04-19 05:43:00,46.56294,15.644185,11.0,5.0,4.5,80,1.3,1.8,0.0
2024-04-19 06:10:00,46.56294,15.644185,11.0,5.0,4.5,80,1.3,1.8,0.0
2024-04-19 06:24:00,46.56294,15.644185,11.0,5.0,4.5,80,1.3,1.8,0.0
2024-04-19 06:44:00,46.56294,15.644185,12.0,4.0,4.5,80,1.3,1.8,0.0
2024-04-19 06:56:00,46.56294,15.644185,10.0,6.0,4.5,80,1.3,1.8,0.0
2024-04-19 07:14:00,46.56294,15.644185,10.0,6.0,4.5,80,1.3,1.8,0.0
2024-04-19 07:25:00,46.56294,15.644185,10.0,6.0,4.5,80,1.3,1.8,0.0
2024-04-19 07:46:00,46.56294,15.644185,11.0,5.0,4.5,80,1.3,1.8,0.0
2024-04-19 07:55:00,46.56294,15.644185,12.0,4.0,4.5,80,1.3,1.8,0.0
2024-04-19 08:15:00,46.56294,15.644185,15.0,1.0,4.5,80,1.3,1.8,0.0
2024-04-19 08:35:00,46.56294,15.644185,14.0,2.0,4.5,80,1.3,1.8,0.0
2024-04-19 08:49:00,46.56294,15.644185,15.0,1.0,4.5,80,1.3,1.8,0.0
2024-04-19 09:06:00,46.56294,15.644185,15.0,1.0,4.5,80,1.3,1.8,0.0
2024-04-19 09:21:00,46.56294,15.644185,14.0,2.0,4.5,80,1.3,1.8,0.0
2024-04-19 09:36:00,46.56294,15.644185,16.0,0.0,4.5,80,1.3,1.8,0.0
2024-04-19 09:46:00,46.56294,15.644185,16.0,0.0,4.5,80,1.3,1.8,0.0
2024-04-19 10:06:00,46.56294,15.644185,15.0,1.0,4.5,80,1.3,1.8,0.0
2024-04-19 10:28:00,46.56294,15.644185,15.0,1.0,4.5,80,1.3,1.8,0.0
2024-04-19 10:37:00,46.56294,15.644185,15.0,1.0,4.5,80,1.3,1.8,0.0
2024-04-19 10:54:00,46.56294,15.644185,14.0,2.0,4.5,80,1.3,1.8,0.0
2024-04-19 11:08:00,46.56294,15.644185,14.0,2.0,4.5,80,1.3,1.8,0.0
2024-04-19 11:27:00,46.56294,15.644185,12.0,4.0,4.5,80,1.3,1.8,0.0
2024-04-19 11:37:00,46.56294,15.644185,13.0,3.0,4.5,80,1.3,1.8,0.0
2024-04-19 11:47:00,46.56294,15.644185,13.0,3.0,4.5,80,1.3,1.8,0.0
2024-04-19 12:28:00,46.56294,15.644185,16.0,0.0,4.5,80,1.3,1.8,0.0
2024-04-19 12:52:00,46.56294,15.644185,15.0,1.0,4.5,80,1.3,1.8,0.0
2024-04-19 13:18:00,46.56294,15.644185,14.0,2.0,4.5,80,1.3,1.8,0.0
2024-04-19 13:28:00,46.56294,15.644185,15.0,1.0,4.5,80,1.3,1.8,0.0
2024-04-19 13:46:00,46.56294,15.644185,14.0,2.0,4.5,80,1.3,1.8,0.0
2024-04-19 13:49:00,46.56294,15.644185,14.0,2.0,4.5,80,1.3,1.8,0.0
2024-04-19 14:19:00,46.56294,15.644185,16.0,0.0,4.5,80,1.3,1.8,0.0
2024-04-19 14:32:00,46.56294,15.644185,16.0,0.0,4.5,80,1.3,1.8,0.0
2024-04-19 14:49:00,46.56294,15.644185,16.0,0.0,4.5,80,1.3,1.8,0.0
2024-04-19 15:05:00,46.56294,15.644185,14.0,2.0,4.5,80,1.3,1.8,0.0
2024-04-19 15:21:00,46.56294,15.644185,11.0,5.0,4.5,80,1.3,1.8,0.0
2024-04-19 15:30:00,46.56294,15.644185,10.0,6.0,4.5,80,1.3,1.8,0.0
2024-04-19 15:40:00,46.56294,15.644185,10.0,6.0,4.5,80,1.3,1.8,0.0
2024-04-19 16:20:00,46.56294,15.644185,9.0,7.0,4.5,80,1.3,1.8,0.0
2024-04-19 16:37:00,46.56294,15.644185,11.0,5.0,4.5,80,1.3,1.8,0.0
2024-04-19 16:51:00,46.56294,15.644185,12.0,4.0,4.5,80,1.3,1.8,0.0
2024-04-19 17:11:00,46.56294,15.644185,14.0,2.0,4.5,80,1.3,1.8,0.0
2024-04-19 17:21:00,46.56294,15.644185,14.0,2.0,4.5,80,1.3,1.8,0.0
2024-04-19 17:33:00,46.56294,15.644185,16.0,0.0,4.5,80,1.3,1.8,0.0
2024-04-19 17:51:00,46.56294,15.644185,13.0,3.0,4.5,80,1.3,1.8,0.0
2024-04-19 18:21:00,46.56294,15.644185,13.0,3.0,4.5,80,1.3,1.8,0.0
2024-04-19 18:32:00,46.56294,15.644185,13.0,3.0,4.5,80,1.3,1.8,0.0
2024-04-19 18:42:00,46.56294,15.644185,13.0,3.0,4.5,80,1.3,1.8,0.0
2024-04-19 19:02:00,46.56294,15.644185,13.0,3.0,4.5,80,1.3,1.8,0.0
2024-04-19 19:13:00,46.56294,15.644185,15.0,1.0,4.5,80,1.3,1.8,0.0
2024-04-19 19:22:00,46.56294,15.644185,15.0,1.0,4.5,80,1.3,1.8,0.0
2024-04-19 19:42:00,46.56294,15.644185,16.0,0.0,4.5,80,1.3,1.8,0.0
2024-04-19 20:12:00,46.56294,15.644185,16.0,0.0,4.5,80,1.3,1.8,0.0
2024-04-19 20:23:00,46.56294,15.644185,15.0,1.0,4.5,80,1.3,1.8,0.0
2024-04-19 20:43:00,46.56294,15.644185,15.0,1.0,4.5,80,1.3,1.8,0.0
2024-04-19 20:53:00,46.56294,15.644185,15.0,1.0,4.5,80,1.3,1.8,0.0
2024-04-19 21:13:00,46.56294,15.644185,15.0,1.0,4.5,80,1.3,1.8,0.0
2024-04-19 21:23:00,46.56294,15.644185,15.0,1.0,4.5,80,1.3,1.8,0.0
2024-04-19 21:33:00,46.56294,15.644185,15.0,1.0,4.5,80,1.3,1.8,0.0
2024-04-19 21:54:00,46.56294,15.644185,13.0,3.0,4.5,80,1.3,1.8,0.0
2024-04-19 22:14:00,46.56294,15.644185,13.0,3.0,4.5,80,1.3,1.8,0.0
2024-04-19 22:24:00,46.56294,15.644185,13.0,3.0,4.5,80,1.3,1.8,0.0
2024-04-19 22:44:00,46.56294,15.644185,13.0,3.0,4.5,80,1.3,1.8,0.0
2024-04-19 22:54:00,46.56294,15.644185,13.0,3.0,4.5,80,1.3,1.8,0.0
2024-04-19 23:14:00,46.56294,15.644185,13.0,3.0,4.5,80,1.3,1.8,0.0
2024-04-19 23:34:00,46.56294,15.644185,13.0,3.0,4.5,80,1.3,1.8,0.0
2024-04-19 23:44:00,46.56294,15.644185,13.0,3.0,4.5,80,1.3,1.8,0.0
2024-04-20 01:05:00,46.56294,15.644185,12.0,4.0,5.1,72,0.5,2.9,0.0
2024-04-20 01:50:00,46.56294,15.644185,14.0,2.0,4.3,80,1.2,2.3,0.0
2024-04-20 02:21:00,46.56294,15.644185,14.0,2.0,4.3,80,1.2,2.3,0.0
2024-04-20 02:31:00,46.56294,15.644185,14.0,2.0,4.3,80,1.2,2.3,0.0
2024-04-20 02:41:00,46.56294,15.644185,14.0,2.0,4.3,80,1.2,2.3,0.0
2024-04-20 03:01:00,46.56294,15.644185,14.0,2.0,4.3,80,1.2,2.3,0.0
2024-04-20 03:21:00,46.56294,15.644185,14.0,2.0,4.3,80,1.2,2.3,0.0
2024-04-20 03:31:00,46.56294,15.644185,14.0,2.0,4.3,80,1.2,2.3,0.0
2024-04-20 03:41:00,46.56294,15.644185,14.0,2.0,4.3,80,1.2,2.3,0.0
2024-04-20 04:01:00,46.56294,15.644185,14.0,2.0,4.3,80,1.2,2.3,0.0
2024-04-20 04:22:00,46.56294,15.644185,14.0,2.0,4.3,80,1.2,2.3,0.0
2024-04-20 04:32:00,46.56294,15.644185,14.0,2.0,4.3,80,1.2,2.3,0.0
2024-04-20 04:52:00,46.56294,15.644185,14.0,2.0,4.3,80,1.2,2.3,0.0
2024-04-20 05:12:00,46.56294,15.644185,14.0,2.0,4.3,80,1.2,2.3,0.0
2024-04-20 05:22:00,46.56294,15.644185,14.0,2.0,4.3,80,1.2,2.3,0.0
2024-04-20 05:45:00,46.56294,15.644185,15.0,1.0,4.3,80,1.2,2.3,0.0
2024-04-20 05:52:00,46.56294,15.644185,15.0,1.0,4.3,80,1.2,2.3,0.0
2024-04-20 06:23:00,46.56294,15.644185,16.0,0.0,4.3,80,1.2,2.3,0.0
2024-04-20 06:33:00,46.56294,15.644185,16.0,0.0,4.3,80,1.2,2.3,0.0
2024-04-20 06:46:00,46.56294,15.644185,15.0,1.0,4.3,80,1.2,2.3,0.0
2024-04-20 07:13:00,46.56294,15.644185,15.0,1.0,4.3,80,1.2,2.3,0.0
2024-04-20 07:23:00,46.56294,15.644185,15.0,1.0,4.3,80,1.2,2.3,0.0
2024-04-20 07:33:00,46.56294,15.644185,15.0,1.0,4.3,80,1.2,2.3,0.0
2024-04-20 07:47:00,46.56294,15.644185,14.0,2.0,4.3,80,1.2,2.3,0.0
2024-04-20 08:14:00,46.56294,15.644185,14.0,2.0,4.3,80,1.2,2.3,0.0
2024-04-20 08:24:00,46.56294,15.644185,14.0,2.0,4.3,80,1.2,2.3,0.0
2024-04-20 08:46:00,46.56294,15.644185,16.0,0.0,4.3,80,1.2,2.3,0.0
2024-04-20 08:54:00,46.56294,15.644185,16.0,0.0,4.3,80,1.2,2.3,0.0
2024-04-20 09:14:00,46.56294,15.644185,16.0,0.0,4.3,80,1.2,2.3,0.0
2024-04-20 09:24:00,46.56294,15.644185,16.0,0.0,4.3,80,1.2,2.3,0.0
2024-04-20 09:37:00,46.56294,15.644185,15.0,1.0,4.3,80,1.2,2.3,0.0
2024-04-20 09:55:00,46.56294,15.644185,15.0,1.0,4.3,80,1.2,2.3,0.0
2024-04-20 10:15:00,46.56294,15.644185,16.0,0.0,4.3,80,1.2,2.3,0.0
2024-04-20 10:27:00,46.56294,15.644185,14.0,2.0,4.3,80,1.2,2.3,0.0
2024-04-20 10:45:00,46.56294,15.644185,16.0,0.0,4.3,80,1.2,2.3,0.0
2024-04-20 10:55:00,46.56294,15.644185,16.0,0.0,4.3,80,1.2,2.3,0.0
2024-04-20 11:15:00,46.56294,15.644185,15.0,1.0,4.3,80,1.2,2.3,0.0
2024-04-20 11:25:00,46.56294,15.644185,15.0,1.0,4.3,80,1.2,2.3,0.0
2024-04-20 11:35:00,46.56294,15.644185,16.0,0.0,4.3,80,1.2,2.3,0.0
2024-04-20 11:56:00,46.56294,15.644185,15.0,1.0,4.3,80,1.2,2.3,0.0
2024-04-20 12:26:00,46.56294,15.644185,16.0,0.0,4.3,80,1.2,2.3,0.0
2024-04-20 12:46:00,46.56294,15.644185,16.0,0.0,4.3,80,1.2,2.3,0.0
2024-04-20 13:16:00,46.56294,15.644185,16.0,0.0,4.3,80,1.2,2.3,0.0
2024-04-20 13:26:00,46.56294,15.644185,16.0,0.0,4.3,80,1.2,2.3,0.0
2024-04-20 13:37:00,46.56294,15.644185,16.0,0.0,4.3,80,1.2,2.3,0.0
2024-04-20 13:47:00,46.56294,15.644185,16.0,0.0,4.3,80,1.2,2.3,0.0
2024-04-20 14:07:00,46.56294,15.644185,16.0,0.0,4.3,80,1.2,2.3,0.0
2024-04-20 14:27:00,46.56294,15.644185,16.0,0.0,4.3,80,1.2,2.3,0.0
2024-04-20 14:37:00,46.56294,15.644185,16.0,0.0,4.3,80,1.2,2.3,0.0
2024-04-20 14:55:00,46.56294,15.644185,15.0,1.0,4.3,80,1.2,2.3,0.0
2024-04-20 15:17:00,46.56294,15.644185,16.0,0.0,4.3,80,1.2,2.3,0.0
2024-04-20 15:28:00,46.56294,15.644185,16.0,0.0,4.3,80,1.2,2.3,0.0
2024-04-20 15:39:00,46.56294,15.644185,14.0,2.0,4.3,80,1.2,2.3,0.0
2024-04-20 15:58:00,46.56294,15.644185,13.0,3.0,4.3,80,1.2,2.3,0.0
2024-04-20 16:18:00,46.56294,15.644185,13.0,3.0,4.3,80,1.2,2.3,0.0
2024-04-20 16:35:00,46.56294,15.644185,12.0,4.0,4.3,80,1.2,2.3,0.0
2024-04-20 16:48:00,46.56294,15.644185,12.0,4.0,4.3,80,1.2,2.3,0.0
2024-04-20 17:08:00,46.56294,15.644185,12.0,4.0,4.3,80,1.2,2.3,0.0
2024-04-20 17:22:00,46.56294,15.644185,13.0,3.0,4.3,80,1.2,2.3,0.0
2024-04-20 17:39:00,46.56294,15.644185,13.0,3.0,4.3,80,1.2,2.3,0.0
2024-04-20 17:55:00,46.56294,15.644185,14.0,2.0,4.3,80,1.2,2.3,0.0
2024-04-20 18:19:00,46.56294,15.644185,13.0,3.0,4.3,80,1.2,2.3,0.0
2024-04-20 18:29:00,46.56294,15.644185,12.0,4.0,4.3,80,1.2,2.3,0.0
2024-04-20 18:39:00,46.56294,15.644185,10.0,6.0,4.3,80,1.2,2.3,0.0
2024-04-20 19:00:00,46.56294,15.644185,10.0,6.0,4.3,80,1.2,2.3,0.0
2024-04-20 19:10:00,46.56294,15.644185,10.0,6.0,4.3,80,1.2,2.3,0.0
2024-04-20 19:20:00,46.56294,15.644185,10.0,6.0,4.3,80,1.2,2.3,0.0
2024-04-20 19:40:00,46.56294,15.644185,10.0,6.0,4.3,80,1.2,2.3,0.0
2024-04-20 19:51:00,46.56294,15.644185,9.0,7.0,4.3,80,1.2,2.3,0.0
2024-04-20 20:10:00,46.56294,15.644185,9.0,7.0,4.3,80,1.2,2.3,0.0
2024-04-20 20:30:00,46.56294,15.644185,9.0,7.0,4.3,80,1.2,2.3,0.0
2024-04-20 20:40:00,46.56294,15.644185,9.0,7.0,4.3,80,1.2,2.3,0.0
2024-04-20 20:50:00,46.56294,15.644185,9.0,7.0,4.3,80,1.2,2.3,0.0
2024-04-20 21:11:00,46.56294,15.644185,9.0,7.0,4.3,80,1.2,2.3,0.0
2024-04-20 21:21:00,46.56294,15.644185,9.0,7.0,4.3,80,1.2,2.3,0.0
2024-04-20 21:41:00,46.56294,15.644185,9.0,7.0,4.3,80,1.2,2.3,0.0
2024-04-20 21:51:00,46.56294,15.644185,9.0,7.0,4.3,80,1.2,2.3,0.0
2024-04-20 22:14:00,46.56294,15.644185,10.0,6.0,4.3,80,1.2,2.3,0.0
2024-04-20 22:21:00,46.56294,15.644185,10.0,6.0,4.3,80,1.2,2.3,0.0
2024-04-20 22:41:00,46.56294,15.644185,10.0,6.0,4.3,80,1.2,2.3,0.0
2024-04-20 22:52:00,46.56294,15.644185,10.0,6.0,4.3,80,1.2,2.3,0.0
2024-04-20 23:12:00,46.56294,15.644185,10.0,6.0,4.3,80,1.2,2.3,0.0
2024-04-20 23:22:00,46.56294,15.644185,10.0,6.0,4.3,80,1.2,2.3,0.0
2024-04-20 23:42:00,46.56294,15.644185,10.0,6.0,4.3,80,1.2,2.3,0.0
2024-04-20 23:53:00,46.56294,15.644185,9.0,7.0,5.0,63,-1.5,2.1,0.0
2024-04-21 01:31:00,46.56294,15.644185,8.0,8.0,4.3,65,-1.7,1.3,0.0
2024-04-21 02:11:00,46.56294,15.644185,8.0,8.0,4.3,65,-1.7,1.3,0.0
2024-04-21 02:32:00,46.56294,15.644185,8.0,8.0,4.3,65,-1.7,1.3,0.0
2024-04-21 02:42:00,46.56294,15.644185,8.0,8.0,4.3,65,-1.7,1.3,0.0
2024-04-21 02:52:00,46.56294,15.644185,8.0,8.0,4.3,65,-1.7,1.3,0.0
2024-04-21 03:12:00,46.56294,15.644185,8.0,8.0,4.3,65,-1.7,1.3,0.0
2024-04-21 03:32:00,46.56294,15.644185,7.0,9.0,4.3,65,-1.7,1.3,0.0
2024-04-21 03:42:00,46.56294,15.644185,7.0,9.0,4.3,65,-1.7,1.3,0.0
2024-04-21 03:52:00,46.56294,15.644185,7.0,9.0,4.3,65,-1.7,1.3,0.0
2024-04-21 04:23:00,46.56294,15.644185,7.0,9.0,4.3,65,-1.7,1.3,0.0
2024-04-21 04:33:00,46.56294,15.644185,7.0,9.0,4.3,65,-1.7,1.3,0.0
2024-04-21 04:43:00,46.56294,15.644185,7.0,9.0,4.3,65,-1.7,1.3,0.0
2024-04-21 05:13:00,46.56294,15.644185,7.0,9.0,4.3,65,-1.7,1.3,0.0
2024-04-21 05:23:00,46.56294,15.644185,7.0,9.0,4.3,65,-1.7,1.3,0.0
2024-04-21 05:33:00,46.56294,15.644185,7.0,9.0,4.3,65,-1.7,1.3,0.0
2024-04-21 05:53:00,46.56294,15.644185,7.0,9.0,4.3,65,-1.7,1.3,0.0
2024-04-21 06:14:00,46.56294,15.644185,7.0,9.0,4.3,65,-1.7,1.3,0.0
2024-04-21 06:34:00,46.56294,15.644185,7.0,9.0,4.3,65,-1.7,1.3,0.0
2024-04-21 06:44:00,46.56294,15.644185,7.0,9.0,4.3,65,-1.7,1.3,0.0
2024-04-21 07:14:00,46.56294,15.644185,6.0,10.0,4.3,65,-1.7,1.3,0.0
2024-04-21 07:24:00,46.56294,15.644185,6.0,10.0,4.3,65,-1.7,1.3,0.0
2024-04-21 07:34:00,46.56294,15.644185,6.0,10.0,4.3,65,-1.7,1.3,0.0
2024-04-21 07:44:00,46.56294,15.644185,6.0,10.0,4.3,65,-1.7,1.3,0.0
2024-04-21 08:15:00,46.56294,15.644185,6.0,10.0,4.3,65,-1.7,1.3,0.0
2024-04-21 08:25:00,46.56294,15.644185,6.0,10.0,4.3,65,-1.7,1.3,0.0
2024-04-21 08:45:00,46.56294,15.644185,7.0,9.0,4.3,65,-1.7,1.3,0.0
2024-04-21 08:55:00,46.56294,15.644185,7.0,9.0,4.3,65,-1.7,1.3,0.0
2024-04-21 09:15:00,46.56294,15.644185,7.0,9.0,4.3,65,-1.7,1.3,0.0
2024-04-21 09:35:00,46.56294,15.644185,7.0,9.0,4.3,65,-1.7,1.3,0.0
2024-04-21 09:45:00,46.56294,15.644185,7.0,9.0,4.3,65,-1.7,1.3,0.0
2024-04-21 10:06:00,46.56294,15.644185,8.0,8.0,4.3,65,-1.7,1.3,0.0
2024-04-21 10:22:00,46.56294,15.644185,9.0,7.0,4.3,65,-1.7,1.3,0.0
2024-04-21 10:36:00,46.56294,15.644185,8.0,8.0,4.3,65,-1.7,1.3,0.0
2024-04-21 10:46:00,46.56294,15.644185,8.0,8.0,4.3,65,-1.7,1.3,0.0
2024-04-21 11:06:00,46.56294,15.644185,9.0,7.0,4.3,65,-1.7,1.3,0.0
2024-04-21 11:26:00,46.56294,15.644185,9.0,7.0,4.3,65,-1.7,1.3,0.0
2024-04-21 11:36:00,46.56294,15.644185,9.0,7.0,4.3,65,-1.7,1.3,0.0
2024-04-21 11:47:00,46.56294,15.644185,8.0,8.0,4.3,65,-1.7,1.3,0.0
2024-04-21 12:27:00,46.56294,15.644185,7.0,9.0,4.3,65,-1.7,1.3,0.0
2024-04-21 12:52:00,46.56294,15.644185,6.0,10.0,4.3,65,-1.7,1.3,0.0
2024-04-21 13:17:00,46.56294,15.644185,0.0,16.0,4.3,65,-1.7,1.3,0.0
2024-04-21 13:27:00,46.56294,15.644185,0.0,16.0,4.3,65,-1.7,1.3,0.0
2024-04-21 13:38:00,46.56294,15.644185,0.0,16.0,4.3,65,-1.7,1.3,0.0
2024-04-21 13:48:00,46.56294,15.644185,0.0,16.0,4.3,65,-1.7,1.3,0.0
2024-04-21 14:08:00,46.56294,15.644185,0.0,16.0,4.3,65,-1.7,1.3,0.0
2024-04-21 14:28:00,46.56294,15.644185,0.0,16.0,4.3,65,-1.7,1.3,0.0
2024-04-21 14:38:00,46.56294,15.644185,1.0,15.0,4.3,65,-1.7,1.3,0.0
2024-04-21 14:55:00,46.56294,15.644185,0.0,16.0,4.3,65,-1.7,1.3,0.0
2024-04-21 15:08:00,46.56294,15.644185,0.0,16.0,4.3,65,-1.7,1.3,0.0
2024-04-21 15:29:00,46.56294,15.644185,1.0,15.0,4.3,65,-1.7,1.3,0.0
2024-04-21 15:39:00,46.56294,15.644185,1.0,15.0,4.3,65,-1.7,1.3,0.0
2024-04-21 15:50:00,46.56294,15.644185,2.0,14.0,4.3,65,-1.7,1.3,0.0
2024-04-21 16:19:00,46.56294,15.644185,2.0,14.0,4.3,65,-1.7,1.3,0.0
2024-04-21 16:35:00,46.56294,15.644185,1.0,15.0,4.3,65,-1.7,1.3,0.0
2024-04-21 16:49:00,46.56294,15.644185,1.0,15.0,4.3,65,-1.7,1.3,0.0
2024-04-21 17:09:00,46.56294,15.644185,1.0,15.0,4.3,65,-1.7,1.3,0.0
2024-04-21 17:20:00,46.56294,15.644185,1.0,15.0,4.3,65,-1.7,1.3,0.0
2024-04-21 17:30:00,46.56294,15.644185,1.0,15.0,4.3,65,-1.7,1.3,0.0
2024-04-21 17:53:00,46.56294,15.644185,2.0,14.0,4.3,65,-1.7,1.3,0.0
2024-04-21 18:20:00,46.56294,15.644185,2.0,14.0,4.3,65,-1.7,1.3,0.0
2024-04-21 18:34:00,46.56294,15.644185,4.0,12.0,4.3,65,-1.7,1.3,0.0
2024-04-21 18:40:00,46.56294,15.644185,4.0,12.0,4.3,65,-1.7,1.3,0.0
2024-04-21 19:01:00,46.56294,15.644185,4.0,12.0,4.3,65,-1.7,1.3,0.0
2024-04-21 19:11:00,46.56294,15.644185,4.0,12.0,4.3,65,-1.7,1.3,0.0
2024-04-21 19:30:00,46.56294,15.644185,1.0,15.0,4.3,65,-1.7,1.3,0.0
2024-04-21 19:41:00,46.56294,15.644185,0.0,16.0,4.3,65,-1.7,1.3,0.0
2024-04-21 19:51:00,46.56294,15.644185,0.0,16.0,4.3,65,-1.7,1.3,0.0
2024-04-21 20:11:00,46.56294,15.644185,0.0,16.0,4.3,65,-1.7,1.3,0.0
2024-04-21 20:31:00,46.56294,15.644185,0.0,16.0,4.3,65,-1.7,1.3,0.0
2024-04-21 20:41:00,46.56294,15.644185,0.0,16.0,4.3,65,-1.7,1.3,0.0
2024-04-21 20:52:00,46.56294,15.644185,0.0,16.0,4.3,65,-1.7,1.3,0.0
2024-04-21 21:23:00,46.56294,15.644185,1.0,15.0,4.3,65,-1.7,1.3,0.0
2024-04-21 21:32:00,46.56294,15.644185,1.0,15.0,4.3,65,-1.7,1.3,0.0
2024-04-21 21:52:00,46.56294,15.644185,1.0,15.0,4.3,65,-1.7,1.3,0.0
2024-04-21 22:12:00,46.56294,15.644185,1.0,15.0,4.3,65,-1.7,1.3,0.0
2024-04-21 22:22:00,46.56294,15.644185,1.0,15.0,4.3,65,-1.7,1.3,0.0
2024-04-21 22:43:00,46.56294,15.644185,1.0,15.0,4.3,65,-1.7,1.3,0.0
2024-04-21 22:53:00,46.56294,15.644185,1.0,15.0,4.3,65,-1.7,1.3,0.0
2024-04-21 23:13:00,46.56294,15.644185,0.0,16.0,4.3,65,-1.7,1.3,0.0
2024-04-21 23:23:00,46.56294,15.644185,0.0,16.0,4.3,65,-1.7,1.3,0.0
2024-04-21 23:43:00,46.56294,15.644185,0.0,16.0,4.3,65,-1.7,1.3,0.0
2024-04-21 23:53:00,46.56294,15.644185,0.0,16.0,3.0,78,-0.4,0.7,0.0
2024-04-22 01:14:00,46.56294,15.644185,0.0,16.0,2.6,81,-0.3,0.1,0.0
2024-04-22 02:00:00,46.56294,15.644185,0.0,16.0,2.6,81,-0.3,0.1,0.0
2024-04-22 02:31:00,46.56294,15.644185,0.0,16.0,2.6,81,-0.3,0.1,0.0
2024-04-22 02:41:00,46.56294,15.644185,0.0,16.0,2.6,81,-0.3,0.1,0.0
2024-04-22 02:51:00,46.56294,15.644185,1.0,15.0,2.6,81,-0.3,0.1,0.0
2024-04-22 03:21:00,46.56294,15.644185,1.0,15.0,2.6,81,-0.3,0.1,0.0
2024-04-22 03:31:00,46.56294,15.644185,1.0,15.0,2.6,81,-0.3,0.1,0.0
2024-04-22 03:46:00,46.56294,15.644185,2.0,14.0,2.6,81,-0.3,0.1,0.0
2024-04-22 04:12:00,46.56294,15.644185,1.0,15.0,2.6,81,-0.3,0.1,0.0
2024-04-22 04:22:00,46.56294,15.644185,1.0,15.0,2.6,81,-0.3,0.1,0.0
2024-04-22 04:42:00,46.56294,15.644185,2.0,14.0,2.6,81,-0.3,0.1,0.0
2024-04-22 04:52:00,46.56294,15.644185,2.0,14.0,2.6,81,-0.3,0.1,0.0
2024-04-22 05:17:00,46.56294,15.644185,5.0,11.0,2.6,81,-0.3,0.1,0.0
2024-04-22 05:36:00,46.56294,15.644185,6.0,10.0,2.6,81,-0.3,0.1,0.0
2024-04-22 05:44:00,46.56294,15.644185,4.0,12.0,2.6,81,-0.3,0.1,0.0
2024-04-22 06:03:00,46.56294,15.644185,7.0,9.0,2.6,81,-0.3,0.1,0.0
2024-04-22 06:23:00,46.56294,15.644185,11.0,5.0,2.6,81,-0.3,0.1,0.0
2024-04-22 06:44:00,46.56294,15.644185,11.0,5.0,2.6,81,-0.3,0.1,0.0
2024-04-22 06:56:00,46.56294,15.644185,11.0,5.0,2.6,81,-0.3,0.1,0.0
2024-04-22 07:14:00,46.56294,15.644185,13.0,3.0,2.6,81,-0.3,0.1,0.0
2024-04-22 07:24:00,46.56294,15.644185,13.0,3.0,2.6,81,-0.3,0.1,0.0
2024-04-22 07:44:00,46.56294,15.644185,14.0,2.0,2.6,81,-0.3,0.1,0.0
2024-04-22 07:54:00,46.56294,15.644185,15.0,1.0,2.6,81,-0.3,0.1,0.0
2024-04-22 08:24:00,46.56294,15.644185,16.0,0.0,2.6,81,-0.3,0.1,0.0
2024-04-22 08:34:00,46.56294,15.644185,16.0,0.0,2.6,81,-0.3,0.1,0.0
2024-04-22 08:50:00,46.56294,15.644185,15.0,1.0,2.6,81,-0.3,0.1,0.0
2024-04-22 09:15:00,46.56294,15.644185,12.0,4.0,2.6,81,-0.3,0.1,0.0
2024-04-22 09:29:00,46.56294,15.644185,11.0,5.0,2.6,81,-0.3,0.1,0.0
2024-04-22 09:45:00,46.56294,15.644185,8.0,8.0,2.6,81,-0.3,0.1,0.0
2024-04-22 09:58:00,46.56294,15.644185,6.0,10.0,2.6,81,-0.3,0.1,0.0
2024-12-14 14:00:00,46.56294,15.644185,13.0,3.0,2.7,80,-0.4,0.2,0.0
2024-12-15 11:00:00,46.56294,15.644185,10.0,6.0,2.5,81,-0.4,-0.3,0.0
2024-12-15 12:00:00,46.56294,15.644185,13.0,3.0,3.9,76,0.1,1.2,0.0
2024-12-16 13:00:00,46.56294,15.644185,9.0,7.0,6.3,76,2.4,3.8,0.0
2024-12-16 15:00:00,46.56294,15.644185,13.0,3.0,5.4,78,1.9,3.1,0.0
2024-12-16 16:00:00,46.56294,15.644185,16.0,0.0,4.5,83,1.9,2.0,0.0
2024-12-16 17:00:00,46.56294,15.644185,15.0,1.0,4.4,84,1.9,2.2,0.0
2024-12-16 18:00:00,46.56294,15.644185,16.0,0.0,3.9,86,1.8,1.7,0.0
2024-12-16 19:00:00,46.56294,15.644185,13.0,3.0,2.0,92,0.9,-0.4,0.0
2024-12-16 20:00:00,46.56294,15.644185,11.0,5.0,2.6,91,1.3,0.3,0.0
2024-12-16 21:00:00,46.56294,15.644185,12.0,4.0,3.1,90,1.6,0.7,0.0
2024-12-16 22:00:00,46.56294,15.644185,11.0,5.0,2.9,90,1.5,0.6,0.0
2024-12-16 23:00:00,46.56294,15.644185,10.0,6.0,3.7,84,1.2,1.5,0.0
2024-12-17 01:00:00,46.56294,15.644185,11.0,5.0,2.4,93,1.4,-0.0,0.0
2024-12-17 03:00:00,46.56294,15.644185,10.0,6.0,2.2,93,1.2,-0.3,0.0
2024-12-17 04:00:00,46.56294,15.644185,10.0,6.0,2.6,90,1.2,0.2,0.0
2024-12-17 05:00:00,46.56294,15.644185,9.0,7.0,1.9,93,0.9,-0.5,0.0
2024-12-17 06:00:00,46.56294,15.644185,8.0,8.0,2.7,89,1.1,0.5,0.0
2024-12-17 07:00:00,46.56294,15.644185,8.0,8.0,4.3,76,0.5,1.8,0.0
2024-12-17 08:00:00,46.56294,15.644185,11.0,5.0,3.7,76,-0.1,1.1,0.0
2024-12-17 09:00:00,46.56294,15.644185,7.0,9.0,2.5,92,1.3,-0.2,0.0
2024-12-17 10:00:00,46.56294,15.644185,8.0,8.0,4.8,86,2.7,2.9,0.0
2024-12-17 11:00:00,46.56294,15.644185,8.0,8.0,5.9,82,3.1,4.1,0.0
2024-12-17 12:00:00,46.56294,15.644185,12.0,4.0,7.1,83,4.4,5.5,0.0
2024-12-17 13:00:00,46.56294,15.644185,14.0,2.0,7.7,85,5.3,6.3,0.0
2024-12-17 14:00:00,46.56294,15.644185,13.0,3.0,7.2,86,5.1,5.7,0.0
2024-12-17 15:00:00,46.56294,15.644185,14.0,2.0,5.9,89,4.3,4.1,0.0
2024-12-17 16:00:00,46.56294,15.644185,16.0,0.0,3.6,93,2.6,1.4,0.0
2024-12-17 17:00:00,46.56294,15.644185,16.0,0.0,3.0,95,2.3,0.9,0.0
2024-12-17 18:00:00,46.56294,15.644185,16.0,0.0,2.6,100,2.6,0.5,0.0
2024-12-17 19:00:00,46.56294,15.644185,14.0,2.0,2.2,100,2.2,0.2,0.0
2024-12-17 20:00:00,46.56294,15.644185,15.0,1.0,1.5,99,1.4,-0.6,0.0
2024-12-17 21:00:00,46.56294,15.644185,16.0,0.0,1.5,99,1.4,-0.5,0.0
2024-12-17 22:00:00,46.56294,15.644185,16.0,0.0,1.6,100,1.6,-0.4,0.0
2024-12-17 23:00:00,46.56294,15.644185,16.0,0.0,1.1,100,1.1,-1.1,0.0
2024-12-18 01:00:00,46.56294,15.644185,16.0,0.0,0.1,100,0.1,-2.3,0.0
2024-12-18 03:00:00,46.56294,15.644185,12.0,4.0,0.1,100,0.1,-2.2,0.0
2024-12-18 04:00:00,46.56294,15.644185,10.0,6.0,0.6,100,0.6,-1.8,0.0
2024-12-18 05:00:00,46.56294,15.644185,10.0,6.0,0.0,100,0.0,-2.6,0.0
2024-12-18 06:00:00,46.56294,15.644185,11.0,5.0,-0.2,100,-0.2,-2.5,0.0
2024-12-18 07:00:00,46.56294,15.644185,10.0,6.0,-0.0,100,-0.0,-2.7,0.0
2024-12-18 08:00:00,46.56294,15.644185,9.0,7.0,0.5,100,0.5,-1.8,0.0
2024-12-18 09:00:00,46.56294,15.644185,12.0,4.0,1.4,100,1.4,-0.8,0.0
2024-12-18 10:00:00,46.56294,15.644185,12.0,4.0,1.9,97,1.5,-0.4,0.0
2024-12-18 11:00:00,46.56294,15.644185,15.0,1.0,2.8,92,1.7,0.6,0.0
2024-12-18 12:00:00,46.56294,15.644185,16.0,0.0,3.9,88,2.1,1.8,0.0
2024-12-18 13:00:00,46.56294,15.644185,16.0,0.0,4.7,84,2.3,2.9,0.0
2024-12-18 14:00:00,46.56294,15.644185,13.0,3.0,5.0,85,2.7,3.1,0.0
2024-12-18 15:00:00,46.56294,15.644185,13.0,3.0,4.4,89,2.8,2.5,0.0
2024-12-18 16:00:00,46.56294,15.644185,15.0,1.0,3.9,88,2.1,1.8,0.0
2024-12-18 17:00:00,46.56294,15.644185,16.0,0.0,3.7,85,1.5,1.6,0.0
2024-12-18 18:00:00,46.56294,15.644185,16.0,0.0,3.8,85,1.5,1.6,0.0
2024-12-18 19:00:00,46.56294,15.644185,16.0,0.0,3.2,87,1.3,1.0,0.0
2024-12-18 20:00:00,46.56294,15.644185,14.0,2.0,1.7,100,1.7,-0.5,0.0
2024-12-22 14:00:00,46.56294,15.644185,14.0,1.0,2.7,77,-0.9,-0.3,0.0
2024-12-22 15:00:00,46.56294,15.644185,15.0,1.0,2.6,77,-1.0,-0.2,0.0
2024-12-22 16:00:00,46.56294,15.644185,15.0,1.0,2.9,77,-0.7,0.5,0.0
2024-12-22 17:00:00,46.56294,15.644185,16.0,0.0,3.3,76,-0.5,0.5,0.0
2024-12-22 18:00:00,46.56294,15.644185,15.0,1.0,2.8,82,0.0,0.1,0.0
